source,company,title,link,experience_years,education,salary,tech_stack,qualifications,preferred,responsibilities,benefits
사람인,(주)데이타솔루션,[중견기업/IT] 데이타솔루션 개발자 /데이터 엔지니어채용,https://www.saramin.co.kr/zf_user/jobs/relay/view?rec_idx=52351669,,,,,,,,
사람인,(주)데이타몬드,[데이터엔지니어] 백엔드 개발자 모집,https://www.saramin.co.kr/zf_user/jobs/relay/view?rec_idx=52744049,,,,,,,,
사람인,(주)케이비헬스케어,[KB금융그룹 계열] KB헬스케어데이터 엔지니어채용,https://www.saramin.co.kr/zf_user/jobs/relay/view?rec_idx=52741933,,,,,,,,
사람인,(주)아이겐드럭,AI 신약개발 플랫폼 백엔드/데이터 엔지니어모집,https://www.saramin.co.kr/zf_user/jobs/relay/view?rec_idx=52482910,,,,,,,,
사람인,(주)피비스,AWS / Snowflake데이터 엔지니어경력 개발자 구인,https://www.saramin.co.kr/zf_user/jobs/relay/view?rec_idx=52772064,,,,,,,,
사람인,(주)한샘,데이터 엔지니어,https://www.saramin.co.kr/zf_user/jobs/relay/view?rec_idx=52578567,,,,,,,,
사람인,(주)한샘,㈜한샘(본사)데이터 엔지니어,https://www.saramin.co.kr/zf_user/jobs/relay/view?rec_idx=52350094,,,,,,,,
사람인,쿠도커뮤니케이션(주),[쿠도커뮤니케이션] 솔루션사업부 데이터엔지니어 신입사원 채용,https://www.saramin.co.kr/zf_user/jobs/relay/view?rec_idx=52616355,,,,,,,,
사람인,디알씨티에스(주),삼성바이오에피스데이터 엔지니어인력 채용,https://www.saramin.co.kr/zf_user/jobs/relay/view?rec_idx=52691467,,,,,,,,
사람인,(주)더블유컨셉코리아,데이터 엔지니어,https://www.saramin.co.kr/zf_user/jobs/relay/view?rec_idx=52674260,,,,,,,,
사람인,(주)올라핀테크,데이터 엔지니어채용(경력 8~10년),https://www.saramin.co.kr/zf_user/jobs/relay/view?rec_idx=52753820,,,,,,,,
사람인,넛지헬스케어(주),[캐시워크] 데이터엔지니어 채용전환형 인턴,https://www.saramin.co.kr/zf_user/jobs/relay/view?rec_idx=52639073,,,,,,,,
사람인,(주)아이트럭,데이터 엔지니어,https://www.saramin.co.kr/zf_user/jobs/relay/view?rec_idx=52564121,,,,,,,,
사람인,(주)카카오모빌리티,[카카오모빌리티]데이터 엔지니어,https://www.saramin.co.kr/zf_user/jobs/relay/view?rec_idx=52690731,,,,,,,,
사람인,(주)레진엔터테인먼트,[다우키움 계열사]데이터 엔지니어(경력),https://www.saramin.co.kr/zf_user/jobs/relay/view?rec_idx=52746560,,,,,,,,
사람인,에이아이링고(주),[AI 법률번역 스타트업]데이터 엔지니어(Data Engineer),https://www.saramin.co.kr/zf_user/jobs/relay/view?rec_idx=52660927,,,,,,,,
사람인,(주)빅링크에이아이,생성형 AI 빅데이터 마케팅 플랫폼 데이터엔지니어(python)채용,https://www.saramin.co.kr/zf_user/jobs/relay/view?rec_idx=52575838,,,,,,,,
사람인,(주)셀키에이아이,Data Engineer/데이터엔지니어,https://www.saramin.co.kr/zf_user/jobs/relay/view?rec_idx=52631738,,,,,,,,
사람인,(주)플레이웍스,AI 및 라이브 기반 반려동물 양육 플랫폼 데이터엔지니어 채용,https://www.saramin.co.kr/zf_user/jobs/relay/view?rec_idx=52650529,,,,,,,,
사람인,(주)맨파워써치앤컨설팅,[외국계]데이터 엔지니어,https://www.saramin.co.kr/zf_user/jobs/relay/view?rec_idx=52753100,,,,,,,,
사람인,(주)잘사글로벌,잘사글로벌 부분별 채용[AI&데이터엔지니어/마케터/상품기획],https://www.saramin.co.kr/zf_user/jobs/relay/view?rec_idx=52677770,,,,,,,,
사람인,나이스지니데이타주식회사,NICE 지니데이타(주)데이터 엔지니어모집,https://www.saramin.co.kr/zf_user/jobs/relay/view?rec_idx=52510607,,,,,,,,
사람인,(주)에스비티글로벌,(주)에스비티글로벌 데이터엔지니어 및 DW 전문가 모집,https://www.saramin.co.kr/zf_user/jobs/relay/view?rec_idx=52563104,,,,,,,,
사람인,펑타이그레이터차이나(유)영업소,[PTKOREA]데이터 엔지니어,https://www.saramin.co.kr/zf_user/jobs/relay/view?rec_idx=52675693,,,,,,,,
사람인,(주)퀸텟시스템즈,[정규직]데이터 엔지니어(3년 이상 경력자),https://www.saramin.co.kr/zf_user/jobs/relay/view?rec_idx=52569680,,,,,,,,
사람인,(주)그리드위즈,[그리드위즈]데이터 엔지니어경력 채용,https://www.saramin.co.kr/zf_user/jobs/relay/view?rec_idx=52688197,,,,,,,,
사람인,(주)로이드케이,빅데이터 솔루션데이터 엔지니어(경력),https://www.saramin.co.kr/zf_user/jobs/relay/view?rec_idx=52647842,,,,,,,,
사람인,(주)와이즈에이아이,(주)와이즈에이아이데이터 엔지니어를 채용합니다.,https://www.saramin.co.kr/zf_user/jobs/relay/view?rec_idx=52450583,,,,,,,,
사람인,콘센트릭스서비스코리아(유),[Catalyst] AI데이터 엔지니어,https://www.saramin.co.kr/zf_user/jobs/relay/view?rec_idx=52648759,,,,,,,,
사람인,(주)올라핀테크,[경력]데이터 엔지니어포지션 채용,https://www.saramin.co.kr/zf_user/jobs/relay/view?rec_idx=52474273,,,,,,,,
사람인,(주)페르소나에이아이,데이터 엔지니어/ 데이터 아키텍터 개발자 채용,https://www.saramin.co.kr/zf_user/jobs/relay/view?rec_idx=52606766,,,,,,,,
사람인,(주)데이타몬드,[데이터엔지니어] AI 에이전트 백엔드 개발자를 모집,https://www.saramin.co.kr/zf_user/jobs/relay/view?rec_idx=52743896,,,,,,,,
사람인,(주)올라핀테크,데이터 엔지니어채용(경력 5~7년),https://www.saramin.co.kr/zf_user/jobs/relay/view?rec_idx=52753668,,,,,,,,
사람인,(주)스마트프로,"데이터엔지니어, AI엔지니어 채용",https://www.saramin.co.kr/zf_user/jobs/relay/view?rec_idx=52469288,,,,,,,,
사람인,(주)완드,데이터 엔지니어채용,https://www.saramin.co.kr/zf_user/jobs/relay/view?rec_idx=52641911,,,,,,,,
사람인,마이데이터(주),[삼성전자GMO] GCP TA ·데이터 엔지니어· Java 개발자 모집,https://www.saramin.co.kr/zf_user/jobs/relay/view?rec_idx=52744751,,,,,,,,
사람인,(주)딥세일즈,데이터엔지니어(3년 이상),https://www.saramin.co.kr/zf_user/jobs/relay/view?rec_idx=52553008,,,,,,,,
사람인,(주)딥세일즈,데이터엔지니어(5년 이상),https://www.saramin.co.kr/zf_user/jobs/relay/view?rec_idx=52629672,,,,,,,,
사람인,엔터웨이파트너스,GCP기반  데이터엔지니어,https://www.saramin.co.kr/zf_user/jobs/relay/view?rec_idx=52758465,,,,,,,,
사람인,(주)레인보우8,데이터 엔지니어경력직 채용,https://www.saramin.co.kr/zf_user/jobs/relay/view?rec_idx=52479942,,,,,,,,
사람인,(주)스위트앤데이터,(주)스위트앤데이터 R&D AI 엔지니어(리서처)를 구합니다.,https://www.saramin.co.kr/zf_user/jobs/relay/view?rec_idx=52463018,,,,,,,,
사람인,주식회사 이지에스브이에스코리아,IDC 인터넷 데이터 센터 시설 엔지니어,https://www.saramin.co.kr/zf_user/jobs/relay/view?rec_idx=52710822,,,,,,,,
사람인,(주)피비스,(주)피비스 데이터분석 엔지니어(사이언티스트) 채용,https://www.saramin.co.kr/zf_user/jobs/relay/view?rec_idx=52687053,,,,,,,,
사람인,주식회사 이지에스브이에스코리아,"IDC 인터넷 데이터 센터 시설 엔지니어(중국어 필수,중국인 환영",https://www.saramin.co.kr/zf_user/jobs/relay/view?rec_idx=52711149,,,,,,,,
사람인,빅스데이터(주),빅스데이터(주) 솔루션엔지니어 모집,https://www.saramin.co.kr/zf_user/jobs/relay/view?rec_idx=52381787,,,,,,,,
사람인,(주)넥스트이지,AI 모델링 및 데이터 분석 엔지니어 모집,https://www.saramin.co.kr/zf_user/jobs/relay/view?rec_idx=52685989,,,,,,,,
사람인,(주)탑앤스카우트,[서울/대기업 광고대행사]데이터 엔지니어,https://www.saramin.co.kr/zf_user/jobs/relay/view?rec_idx=52725522,,,,,,,,
사람인,HR컨설팅(주),삼성그룹)데이터 엔지니어(아키텍트) 채용,https://www.saramin.co.kr/zf_user/jobs/relay/view?rec_idx=52739419,,,,,,,,
사람인,한국딥러닝(주),AI 모델 학습용 데이터 생성 엔지니어,https://www.saramin.co.kr/zf_user/jobs/relay/view?rec_idx=52691183,,,,,,,,
사람인,탑커리어인사이트,공공기관데이터시스템엔지니어/MAX7천,https://www.saramin.co.kr/zf_user/jobs/relay/view?rec_idx=52717041,,,,,,,,
사람인,(주)에이치알비즈코리아,게임데이터 엔지니어담당 (플랫폼개발)/세계적인 게임사/판교,https://www.saramin.co.kr/zf_user/jobs/relay/view?rec_idx=52733226,,,,,,,,
사람인,(주)인텔리빅스,[AMS데이터팀] AI 소프트웨어 엔지니어 경력직 채용,https://www.saramin.co.kr/zf_user/jobs/relay/view?rec_idx=52602756,,,,,,,,
사람인,(주)캐롯아이,데이터 엔지니어채용,https://www.saramin.co.kr/zf_user/jobs/relay/view?rec_idx=52615198,,,,,,,,
사람인,제이앤피에이치알컨설팅,(MNCs)데이터 엔지니어,https://www.saramin.co.kr/zf_user/jobs/relay/view?rec_idx=52727739,,,,,,,,
사람인,뉴셀렉트(주),인하우스 데이터 애널리틱스 엔지니어,https://www.saramin.co.kr/zf_user/jobs/relay/view?rec_idx=52667712,,,,,,,,
사람인,(주)미리비트,데이터 플랫폼 엔지니어 (3년차~PL),https://www.saramin.co.kr/zf_user/jobs/relay/view?rec_idx=52565772,,,,,,,,
사람인,(주)하이스트컨설팅그룹,데이터 엔지니어제안드립니다.,https://www.saramin.co.kr/zf_user/jobs/relay/view?rec_idx=52709661,,,,,,,,
사람인,(주)인터엑스,[울산] AI 비전·데이터분석 엔지니어,https://www.saramin.co.kr/zf_user/jobs/relay/view?rec_idx=52613373,,,,,,,,
사람인,(주)인터엑스,[서울] AI 비전·데이터분석 엔지니어,https://www.saramin.co.kr/zf_user/jobs/relay/view?rec_idx=52613520,,,,,,,,
사람인,데이터얼라이언스 주식회사,[데이터얼라이언스] 클라우드 네이티브 GPU 플랫폼 운영엔지니어,https://www.saramin.co.kr/zf_user/jobs/relay/view?rec_idx=52707756,,,,,,,,
사람인,(주)에스엔유티씨엔티,데이터센터 통합 관제 시스템(EPMS/BMS/DCIM) 엔지니어 채용,https://www.saramin.co.kr/zf_user/jobs/relay/view?rec_idx=52739729,,,,,,,,
사람인,데이터퓨처테크놀로지 주식회사,데이터퓨처테크놀로지 프리세일즈 기술지원 엔지니어 채용,https://www.saramin.co.kr/zf_user/jobs/relay/view?rec_idx=52456174,,,,,,,,
사람인,(주)이이씨에스,[커미셔닝 엔지니어] 데이터센터 자동제어 및 설비 엔지니어,https://www.saramin.co.kr/zf_user/jobs/relay/view?rec_idx=52570719,,,,,,,,
사람인,(주)카카오엔터테인먼트,Software Engineer - Data Platform,https://www.saramin.co.kr/zf_user/jobs/relay/view?rec_idx=52744979,,,,,,,,
사람인,(주)숲,[SOOP] AI Vision/시계열 센서 데이터 융합 분류 Engineer,https://www.saramin.co.kr/zf_user/jobs/relay/view?rec_idx=52663276,,,,,,,,
사람인,(주)비바리퍼블리카,Data Engineer (Commerce),https://www.saramin.co.kr/zf_user/jobs/relay/view?rec_idx=52770911,,,,,,,,
사람인,(주)비바리퍼블리카,Data Engineer (Commerce 검색),https://www.saramin.co.kr/zf_user/jobs/relay/view?rec_idx=52770944,,,,,,,,
사람인,(주)비바리퍼블리카,Data Analytics Engineer(Product),https://www.saramin.co.kr/zf_user/jobs/relay/view?rec_idx=52770978,,,,,,,,
사람인,(주)비바리퍼블리카,Data Analytics Engineer(Plaform),https://www.saramin.co.kr/zf_user/jobs/relay/view?rec_idx=52771032,,,,,,,,
사람인,(주)놀유니버스,"Software Engineer, Backend - Data",https://www.saramin.co.kr/zf_user/jobs/relay/view?rec_idx=52728279,,,,,,,,
사람인,에이치디씨랩스(주),[HDC랩스] AI LAB팀 AI 엔지니어 및 데이터 사이언스 부문 채용,https://www.saramin.co.kr/zf_user/jobs/relay/view?rec_idx=52758276,,,,,,,,
사람인,(주)시스트란,Data 엔지니어 - Junior (대전 근무),https://www.saramin.co.kr/zf_user/jobs/relay/view?rec_idx=52603421,,,,,,,,
사람인,(주)사람인에이치에스,[재택/외국계/영어가능자] Azure & OpenAI Data Engineer 채용,https://www.saramin.co.kr/zf_user/jobs/relay/view?rec_idx=52582251,,,,,,,,
사람인,(주)엔엠에스컨설팅,Data 엔지니어(대리~차장: 플랫폼 벤처),https://www.saramin.co.kr/zf_user/jobs/relay/view?rec_idx=52754969,,,,,,,,
사람인,(주)비바리퍼블리카,Data Engineer (Platform),https://www.saramin.co.kr/zf_user/jobs/relay/view?rec_idx=52770858,,,,,,,,
사람인,(주)티오더,[t'order Inc.] Data Engineer 모집,https://www.saramin.co.kr/zf_user/jobs/relay/view?rec_idx=52698484,,,,,,,,
사람인,(주)비상교육,Data Engineer,https://www.saramin.co.kr/zf_user/jobs/relay/view?rec_idx=52509085,,,,,,,,
사람인,(주)제로,Data Engineer (커머스 데이터 / 검색),https://www.saramin.co.kr/zf_user/jobs/relay/view?rec_idx=52684579,,,,,,,,
사람인,(주)모두싸인,[모두싸인] Data Engineer,https://www.saramin.co.kr/zf_user/jobs/relay/view?rec_idx=52533069,,,,,,,,
사람인,메가존소프트(주),Data 직군 채용(Data Engineer),https://www.saramin.co.kr/zf_user/jobs/relay/view?rec_idx=52769960,,,,,,,,
사람인,(주)아이디오티,Data&AI 관련 소프트웨어 엔지니어 모집 (신입 ),https://www.saramin.co.kr/zf_user/jobs/relay/view?rec_idx=52740544,,,,,,,,
사람인,리쿠르트퍼스트코리아,[물류 SaaS] 시니어 Data Engineer 채용,https://www.saramin.co.kr/zf_user/jobs/relay/view?rec_idx=52744518,,,,,,,,
사람인,기웅정보통신(주),"[데이터허브] Software Engineer, Backend 개발자",https://www.saramin.co.kr/zf_user/jobs/relay/view?rec_idx=52677652,,,,,,,,
사람인,(주)퓨쳐스콜레,Data Engineer,https://www.saramin.co.kr/zf_user/jobs/relay/view?rec_idx=52550844,,,,,,,,
사람인,(주)한국신용데이터,[한국신용데이터] QA Engineer (테스트 수행 담당),https://www.saramin.co.kr/zf_user/jobs/relay/view?rec_idx=52707917,,,,,,,,
사람인,(주)데이타솔루션,[중견기업/IT] 데이타솔루션 가상화 엔지니어(VMware) 채용,https://www.saramin.co.kr/zf_user/jobs/relay/view?rec_idx=52351832,,,,,,,,
사람인,(주)뉴로코어,[채용]Solution Engine Developer &Data Engineer,https://www.saramin.co.kr/zf_user/jobs/relay/view?rec_idx=52629443,,,,,,,,
사람인,몽구스에이아이(주),Data Infra Engineer(신입),https://www.saramin.co.kr/zf_user/jobs/relay/view?rec_idx=52652132,,,,,,,,
사람인,(주)야놀자,[Yanolja NEXT] Data Engineer,https://www.saramin.co.kr/zf_user/jobs/relay/view?rec_idx=52677546,,,,,,,,
사람인,(주)폴리인스퍼레이션,[폴리인스퍼레이션] Data Engineer 채용,https://www.saramin.co.kr/zf_user/jobs/relay/view?rec_idx=52441995,,,,,,,,
사람인,프로페셔날핸즈인핸즈코리아(주),Azure and OpenAI Data engineer,https://www.saramin.co.kr/zf_user/jobs/relay/view?rec_idx=52717751,,,,,,,,
사람인,라인파이낸셜(주),Fintech Data Scientist/Engineer,https://www.saramin.co.kr/zf_user/jobs/relay/view?rec_idx=52485395,,,,,,,,
사람인,뉴로퓨전(주),[전문연구요원] 금융AI 스타트업 Data Engineer 채용,https://www.saramin.co.kr/zf_user/jobs/relay/view?rec_idx=52297672,,,,,,,,
사람인,(주)노바에어,SW QA/QC 엔지니어(High-Reliability Software & Data Quality),https://www.saramin.co.kr/zf_user/jobs/relay/view?rec_idx=52404871,,,,,,,,
사람인,(주)넥솔위즈빌,Data Engineer,https://www.saramin.co.kr/zf_user/jobs/relay/view?rec_idx=52740601,,,,,,,,
사람인,솔트웨어(주),Data Engineer 부문 채용 공고 ( Solutions Architect ),https://www.saramin.co.kr/zf_user/jobs/relay/view?rec_idx=52638264,,,,,,,,
사람인,몽구스에이아이(주),Data Infra Engineer(경력),https://www.saramin.co.kr/zf_user/jobs/relay/view?rec_idx=52652076,,,,,,,,
원티드,완드,[인턴] 데이터 엔지니어,https://www.wanted.co.kr/wd/334063,,,,"Hadoop, GCP, Data Pipeline, TypeScript, SQL, Python, ETL, AWS, Go, Azure, Django, Spark",,,,
원티드,스마일게이트알피지,[LOST ARK] 게임 데이터 엔지니어 담당 (플랫폼개발),https://www.wanted.co.kr/wd/329513,,,,"Hadoop, GCP, API, CI/CD, TypeScript, Azure, SQL, Python, Airflow, Java, AWS, Kafka, Docker, Scala, MSSQL, .NET, Spark, 데이터베이스",,,,
원티드,핵클(Hackle),데이터 엔지니어,https://www.wanted.co.kr/wd/159253,,,,"Prometheus, Hadoop, DynamoDB, REST API, EKS, AWS, Java, MSA, Scala, Terraform, Python, JPA, Spark, Kotlin, Data Pipeline, TypeScript, Airflow, Kafka, Flink, Kubernetes, ETL, Presto, Spring Framework",,,,
원티드,코넥시오에이치,데이터 엔지니어(3년 이상),https://www.wanted.co.kr/wd/324029,,,,"ClickHouse, Grafana, Node.js, RabbitMQ, Data Pipeline, TypeScript, SQL, AWS, ETL, Docker, Airflow, RDBMS, ElasticSearch, PostgreSQL, Redshift, React.js, JavaScript",,,,
원티드,코넥시오에이치,데이터 엔지니어 리드(5년 이상),https://www.wanted.co.kr/wd/324027,,,,"BigQuery, Node.js, AWS, PostgreSQL, React.js, JavaScript, GCP, Python, RDBMS, dbt, ClickHouse, RabbitMQ, Data Pipeline, TypeScript, SQL, Airflow, Docker, Kafka, ElasticSearch, FastAPI, ECS, ETL, Redshift, Spark",,,,
원티드,카카오뱅크(kakaobank),정보보호 데이터 엔지니어,https://www.wanted.co.kr/wd/329907,,,,"Data Pipeline, TypeScript, Linux, Kafka, Ansible",,,,
원티드,위버스컴퍼니(WEVERSE COMPANY),데이터 엔지니어,https://www.wanted.co.kr/wd/312411,,,,"Spark, Hadoop, GCP, Kotlin, BigQuery, Data Pipeline, TypeScript, Spring, Spring Boot, Flink, Kubernetes, Python, ETL, Java, AWS, Hive, Spring Framework, Restful API",,,,
원티드,뱅크샐러드,데이터 엔지니어 (Data Engineer),https://www.wanted.co.kr/wd/326023,,,,"Prometheus, Git, CI/CD, AWS, Java, GitHub Actions, ArgoCD, Scala, PostgreSQL, Terraform, Python, Datadog, Redis, Snowflake, Data Pipeline, TypeScript, SQL, Airflow, Jenkins, Kafka, Flink, MySQL, Kubernetes, ETL, MongoDB, Linux, Redshift, Grafana, Spark",,,,
원티드,임팩티브에이아이,[Deepflow] 데이터 엔지니어 (Data Engineer),https://www.wanted.co.kr/wd/308401,,,,"Data Pipeline, TypeScript",,,,
원티드,웨이커,시니어 데이터 엔지니어 (Data Engineer),https://www.wanted.co.kr/wd/306054,,,,"NLP, Git, Hadoop, CI/CD, AWS, PostgreSQL, Python, Redis, Spark, Data Pipeline, TypeScript, SQL, Airflow, Jenkins, Docker, Kafka, Kubernetes, ETL, JIRA, Hive, Spring Framework",,,,
원티드,웨이커,데이터 엔지니어 (Data Engineer),https://www.wanted.co.kr/wd/299384,,,,"NLP, Git, CI/CD, AWS, PostgreSQL, Python, Redis, Data Pipeline, TypeScript, SQL, Airflow, Jenkins, Docker, Kafka, Kubernetes, ETL, Linux, JIRA, Hive, Spring Framework",,,,
원티드,씨메스(CMES),피지컬 AI 시뮬·데이터 엔지니어,https://www.wanted.co.kr/wd/320340,,,,"TypeScript, Python, Docker, OpenGL, DirectX, C++",,,,
원티드,씨메스(CMES),시뮬·합성데이터 엔지니어,https://www.wanted.co.kr/wd/320339,,,,"TypeScript, Python, OpenGL, DirectX, C++",,,,
원티드,콘센트릭스서비스코리아CATALYST,AI 데이터 엔지니어,https://www.wanted.co.kr/wd/307181,,,,"SQL, Python, TypeScript",,,,
원티드,더블유컨셉코리아(W컨셉),데이터 엔지니어,https://www.wanted.co.kr/wd/322089,,,,"GCP, Data Pipeline, TypeScript, ETL, Python, Java, AWS, Kafka, ELK Stack, Elasticsearch, Spark",,,,
원티드,아티스트컴퍼니,데이터 엔지니어,https://www.wanted.co.kr/wd/298033,,,,"Prometheus, Hadoop, Git, BigQuery, Elasticsearch, GCP, Python, Ansible, Data Pipeline, TypeScript, GitLab CI, SQL, Jenkins, Airflow, Docker, Kafka, ElasticSearch, Slack, ELK Stack, Flink, Kubernetes, ETL, Linux, Hive, Grafana, Spark",,,,
원티드,버즈빌(buzzvil),데이터 엔지니어 (3년 이상),https://www.wanted.co.kr/wd/321745,,,,"Prometheus, Git, EKS, AWS, GitHub Actions, ArgoCD, Scala, PyTorch, GCP, Terraform, Python, Datadog, ML, Data Pipeline, TypeScript, Airflow, Docker, Kafka, Helm, Kubernetes, ETL, Redshift, Grafana, Spark",,,,
원티드,소프트인,자사 솔루션 연동 인재추천 AI개발 AI/데이터 엔지니어,https://www.wanted.co.kr/wd/332481,,,,"Python, TypeScript",,,,
원티드,힐링페이퍼(강남언니),[플랫폼 사업] 데이터 엔지니어,https://www.wanted.co.kr/wd/281371,,,,"Spark, Data Pipeline, TypeScript, Flink, SQL, Airflow, ETL, AWS, Kafka, dbt, Snowflake",,,,
원티드,인티그레이션(메디스트림),데이터 엔지니어,https://www.wanted.co.kr/wd/318390,,,,"EKS, Data Pipeline, TypeScript, Kubernetes, SQL, Airflow, Python, ETL, AWS, Kafka, dbt, Docker, Agile, Redshift, Spark",,,,
원티드,그립컴퍼니,데이터 엔지니어,https://www.wanted.co.kr/wd/326462,,,,"GCP, Terraform, Data Pipeline, TypeScript, Kubernetes, Python, AWS, Java",,,,
원티드,로이드케이,빅데이터 솔루션 데이터 엔지니어 (3년 이상),https://www.wanted.co.kr/wd/314983,,,,"NLP, AWS, Java, JSON, PyTorch, NoSQL, 데이터 시각화, GCP, Python, RDBMS, Azure, Redis, 솔루션 구현, Data Pipeline, TypeScript, SQL, Shell Scripting, Docker, ElasticSearch, Kubernetes, Linux, MongoDB, ETL, Oracle Database",,,,
원티드,로이드케이,빅데이터 솔루션 데이터 엔지니어 (5년 이상),https://www.wanted.co.kr/wd/265172,,,,"NLP, AWS, Java, JSON, PyTorch, NoSQL, 데이터 시각화, GCP, Python, RDBMS, Azure, Redis, 솔루션 구현, Data Pipeline, TypeScript, SQL, Shell Scripting, Docker, ElasticSearch, Kubernetes, Linux, MongoDB, ETL, Oracle Database",,,,
원티드,딥세일즈,데이터 엔지니어 (3년 이상),https://www.wanted.co.kr/wd/328705,,,,"BigQuery, AWS, PostgreSQL, JavaScript, Elasticsearch, SEO, GCP, Terraform, NodeJS, Python, dbt, Snowflake, Spa, Data Pipeline, TypeScript, SQL, Airflow, Flutter, ES6, Redshift",,,,
원티드,페이타랩(패스오더),"[병역특례] 데이터 엔지니어 (Growth Data Engineer), 부산",https://www.wanted.co.kr/wd/326795,,,,"Git, GCP, BigQuery, Data Pipeline, TypeScript, Kubernetes, SQL, Jenkins, Python, AWS, Docker, ETL, PostgreSQL, IntelliJ IDEA, Flask",,,,
원티드,페이타랩(패스오더),"[병역특례] 데이터 엔지니어 (Growth Data Engineer), 서울",https://www.wanted.co.kr/wd/326794,,,,"Git, GCP, BigQuery, Data Pipeline, TypeScript, Kubernetes, SQL, Jenkins, Python, AWS, Docker, ETL, PostgreSQL, IntelliJ IDEA, Flask",,,,
원티드,페이타랩(패스오더),"데이터 엔지니어 (Growth Data Engineer), 부산",https://www.wanted.co.kr/wd/321823,,,,"Git, GCP, BigQuery, Data Pipeline, TypeScript, Kubernetes, SQL, Jenkins, Python, AWS, Docker, ETL, PostgreSQL, IntelliJ IDEA, Flask",,,,
원티드,페이타랩(패스오더),"[시니어] 데이터 엔지니어 (Growth Data Engineer), 서울",https://www.wanted.co.kr/wd/321822,,,,"Git, GCP, BigQuery, Data Pipeline, TypeScript, Kubernetes, SQL, Jenkins, Python, AWS, Docker, ETL, PostgreSQL, IntelliJ IDEA, Flask",,,,
원티드,페이타랩(패스오더),"[주니어] 데이터 엔지니어 (Growth Data Engineer), 서울",https://www.wanted.co.kr/wd/321821,,,,"Git, GCP, BigQuery, Data Pipeline, TypeScript, Kubernetes, SQL, Jenkins, Python, AWS, Docker, ETL, PostgreSQL, IntelliJ IDEA, Flask",,,,
원티드,컬리,데이터 엔지니어 (Data Engineer),https://www.wanted.co.kr/wd/334058,,,,"QA 엔지니어링, GCP, Hadoop, BigQuery, Data Pipeline, TypeScript, Flink, Kubernetes, SQL, Airflow, AWS, Kafka, 자동화 구축, Spark",,,,
사람인,(주)솔텍시스템,"백엔드/ 서버 사이드 개발자 모집, 관공서 관련 개발자 우대",https://www.saramin.co.kr/zf_user/jobs/relay/view?rec_idx=52552747,,,,,,,,
사람인,(주)유큐브,(주)유큐브 양자보안솔루션 서버 백엔드 시스템 개발자 모집,https://www.saramin.co.kr/zf_user/jobs/relay/view?rec_idx=52759714,,,,,,,,
사람인,다큐브(주),백엔드 개발자팀장급 채용,https://www.saramin.co.kr/zf_user/jobs/relay/view?rec_idx=52760424,,,,,,,,
사람인,주) 석세스코리아컨설팅,백엔드 개발자,https://www.saramin.co.kr/zf_user/jobs/relay/view?rec_idx=52671786,,,,,,,,
사람인,(주)스승님,(주)스승님 플러앱개발백엔드 개발자모집,https://www.saramin.co.kr/zf_user/jobs/relay/view?rec_idx=52756141,,,,,,,,
사람인,(주)반프,R&D / 서버/백엔드 개발자(신입),https://www.saramin.co.kr/zf_user/jobs/relay/view?rec_idx=52685987,,,,,,,,
사람인,(주)캐더,(주)캐더백엔드 개발자모집 (정철어학원/젭스),https://www.saramin.co.kr/zf_user/jobs/relay/view?rec_idx=52672224,,,,,,,,
사람인,온잇코리아(주),[물류IT 스타트업]백엔드 개발자채용(경력3년이상),https://www.saramin.co.kr/zf_user/jobs/relay/view?rec_idx=52583044,,,,,,,,
사람인,(주)레졸루션,(주)레졸루션 백엔드개발자 채용,https://www.saramin.co.kr/zf_user/jobs/relay/view?rec_idx=52733076,,,,,,,,
사람인,(주)모벤티스,(주)모벤티스백엔드 개발자채용 공고,https://www.saramin.co.kr/zf_user/jobs/relay/view?rec_idx=52767777,,,,,,,,
사람인,에이치엘엘중앙(주),[중앙그룹 HLL] 프론트/백엔드 개발자경력사원 모집,https://www.saramin.co.kr/zf_user/jobs/relay/view?rec_idx=52700828,,,,,,,,
사람인,(주)써큘러랩스,(주)써큘러랩스백엔드 개발자모집,https://www.saramin.co.kr/zf_user/jobs/relay/view?rec_idx=52757845,,,,,,,,
사람인,(주)지냅스,모바일·웹 서비스백엔드 개발자채용,https://www.saramin.co.kr/zf_user/jobs/relay/view?rec_idx=52545226,,,,,,,,
사람인,(주)캐낸다,(주)캐낸다백엔드 개발자모집,https://www.saramin.co.kr/zf_user/jobs/relay/view?rec_idx=52512216,,,,,,,,
사람인,(주)반프,R&D / 서버/백엔드 개발자(3년이상),https://www.saramin.co.kr/zf_user/jobs/relay/view?rec_idx=52685977,,,,,,,,
사람인,케이앱스,Spring Boot (Kotlin) 백엔드 신입 개발자 채용,https://www.saramin.co.kr/zf_user/jobs/relay/view?rec_idx=52772905,,,,,,,,
사람인,(주)메타몬스터,"(주)메타몬스터 JAVA,PHP,Nodejs백엔드 개발자모집",https://www.saramin.co.kr/zf_user/jobs/relay/view?rec_idx=52745400,,,,,,,,
사람인,(주)싸이터,백엔드 개발자(6-10년 경력),https://www.saramin.co.kr/zf_user/jobs/relay/view?rec_idx=52581552,,,,,,,,
사람인,주식회사차엔차,주식회사차엔차 Node.js백엔드 개발자모집,https://www.saramin.co.kr/zf_user/jobs/relay/view?rec_idx=52752313,,,,,,,,
사람인,(주)참테크놀로지,(주)참테크놀로지백엔드 개발자경력 채용,https://www.saramin.co.kr/zf_user/jobs/relay/view?rec_idx=52593567,,,,,,,,
사람인,주식회사 인터랙트솔루션,[경력]백엔드 개발자채용 - 블록체인,https://www.saramin.co.kr/zf_user/jobs/relay/view?rec_idx=52647077,,,,,,,,
사람인,씨너지파트너(주),B2B 트레이딩 플랫폼백엔드 개발자파트너를 찾습니다 :),https://www.saramin.co.kr/zf_user/jobs/relay/view?rec_idx=52728330,,,,,,,,
사람인,(주)한샘,㈜한샘(본사)백엔드 개발자,https://www.saramin.co.kr/zf_user/jobs/relay/view?rec_idx=52553938,,,,,,,,
사람인,(유)알렌의서재,[알렌의서재] 백엔드개발자(Node.js),https://www.saramin.co.kr/zf_user/jobs/relay/view?rec_idx=52697859,,,,,,,,
사람인,(주)씨앤에이아이,[경력] 인프라 파이썬백엔드 개발자채용,https://www.saramin.co.kr/zf_user/jobs/relay/view?rec_idx=52611830,,,,,,,,
사람인,(주)페이앤스토어,Npay커넥트백엔드 개발자,https://www.saramin.co.kr/zf_user/jobs/relay/view?rec_idx=52659243,,,,,,,,
사람인,(주)씨앤에이아이,[CNAI]백엔드 개발자정규직 채용,https://www.saramin.co.kr/zf_user/jobs/relay/view?rec_idx=52768594,,,,,,,,
사람인,(주)투스카이,본사백엔드 개발자채용합니다.,https://www.saramin.co.kr/zf_user/jobs/relay/view?rec_idx=52768648,,,,,,,,
사람인,(주)나노아이티,PHP/Laravel백엔드 개발자(Vue.js 활용 필수),https://www.saramin.co.kr/zf_user/jobs/relay/view?rec_idx=52549160,,,,,,,,
사람인,(주)노블전자지도,백엔드 개발자경력직(4~6년) 채용,https://www.saramin.co.kr/zf_user/jobs/relay/view?rec_idx=52696497,,,,,,,,
사람인,주식회사클럽콘크리트,의료 AI 스타트업에서 함께하실백엔드 개발자를 찾습니다,https://www.saramin.co.kr/zf_user/jobs/relay/view?rec_idx=52660303,,,,,,,,
사람인,(주)지씨,"[지씨 송도]백엔드, 데이터솔루션, 프론트 개발자 경력직 채용",https://www.saramin.co.kr/zf_user/jobs/relay/view?rec_idx=52494412,,,,,,,,
사람인,(주)스페이스점프,(주)스페이스점프백엔드 개발자모집,https://www.saramin.co.kr/zf_user/jobs/relay/view?rec_idx=52672468,,,,,,,,
사람인,주식회사차자스,[CHAJAS] Django백엔드 개발자채용공고,https://www.saramin.co.kr/zf_user/jobs/relay/view?rec_idx=52759598,,,,,,,,
사람인,(주)크로스비,[백엔드 개발자]백엔드 개발자모집,https://www.saramin.co.kr/zf_user/jobs/relay/view?rec_idx=52700607,,,,,,,,
사람인,(주)퍼플아카데미,Node/NestJS백엔드 개발자계약직 채용,https://www.saramin.co.kr/zf_user/jobs/relay/view?rec_idx=52674012,,,,,,,,
사람인,(주)더라이징스타헤딩,AICC 전문기업백엔드 개발자모집,https://www.saramin.co.kr/zf_user/jobs/relay/view?rec_idx=52720555,,,,,,,,
사람인,(주)하솜정보기술,클라우드 백엔드 프로그램  java 클라우드 개발자 모집,https://www.saramin.co.kr/zf_user/jobs/relay/view?rec_idx=52755838,,,,,,,,
사람인,(주)오픈에셋,"백엔드 개발자(BE, Backend) - 스테이블코인, Web3",https://www.saramin.co.kr/zf_user/jobs/relay/view?rec_idx=52742164,,,,,,,,
사람인,조베이스(주),조베이스(주) 시니어백엔드 개발자모집,https://www.saramin.co.kr/zf_user/jobs/relay/view?rec_idx=52723362,,,,,,,,
사람인,모비고(주),"모비고백엔드 개발자채용 (경력, 단기계약직)",https://www.saramin.co.kr/zf_user/jobs/relay/view?rec_idx=52544015,,,,,,,,
사람인,(주)씨앤유글로벌,백엔드 개발자(5년 이상),https://www.saramin.co.kr/zf_user/jobs/relay/view?rec_idx=52697320,,,,,,,,
사람인,(주)테일러타운,[댄블]백엔드 개발자정규직 채용(경력),https://www.saramin.co.kr/zf_user/jobs/relay/view?rec_idx=52708780,,,,,,,,
사람인,모아아이,모아아이백엔드 개발자채용,https://www.saramin.co.kr/zf_user/jobs/relay/view?rec_idx=52665502,,,,,,,,
사람인,(주)넵튠,미프팀 백엔드개발자,https://www.saramin.co.kr/zf_user/jobs/relay/view?rec_idx=52745374,,,,,,,,
사람인,(주)백그라운드,:[AI 영상보안 솔루션 기업]:백엔드 개발자(리드급),https://www.saramin.co.kr/zf_user/jobs/relay/view?rec_idx=52776873,,,,,,,,
사람인,(주)프리뉴,(주)프리뉴백엔드 개발자모집,https://www.saramin.co.kr/zf_user/jobs/relay/view?rec_idx=52454820,,,,,,,,
사람인,(주)아이도트,인공지능 의료 진단 솔루션백엔드 개발자,https://www.saramin.co.kr/zf_user/jobs/relay/view?rec_idx=52530296,,,,,,,,
사람인,(주)로보티즈,[로보티즈AI] 자율주행로봇 시스템 백엔드/프론트엔드 개발자,https://www.saramin.co.kr/zf_user/jobs/relay/view?rec_idx=52652801,,,,,,,,
사람인,에스디에이치알(주),클라우드 백엔드개발자 경력 모집[계약/송파],https://www.saramin.co.kr/zf_user/jobs/relay/view?rec_idx=52779227,,,,,,,,
사람인,(주)짐싸,백엔드 개발자(신입~6년),https://www.saramin.co.kr/zf_user/jobs/relay/view?rec_idx=52742358,,,,,,,,
사람인,(주)더줌웍스,스트리밍 기반 플랫폼백엔드 개발자경력직 채용,https://www.saramin.co.kr/zf_user/jobs/relay/view?rec_idx=52577977,,,,,,,,
사람인,(주)와탭랩스,백엔드 개발자,https://www.saramin.co.kr/zf_user/jobs/relay/view?rec_idx=52544105,,,,,,,,
사람인,(주)혜움,[개발]백엔드 개발자(5-7년),https://www.saramin.co.kr/zf_user/jobs/relay/view?rec_idx=52742917,,,,,,,,
사람인,(주)백그라운드,[[[IoT 솔루션 전문기업 - 백엔드개발자(과장~차장)]]],https://www.saramin.co.kr/zf_user/jobs/relay/view?rec_idx=52762710,,,,,,,,
사람인,(주)참약사,(주)참약사  NestJS백엔드 개발자모집,https://www.saramin.co.kr/zf_user/jobs/relay/view?rec_idx=52602061,,,,,,,,
사람인,(주)브릭,반도체 EES백엔드 개발자,https://www.saramin.co.kr/zf_user/jobs/relay/view?rec_idx=52711297,,,,,,,,
사람인,(주)마크클라우드,마크클라우드 솔루션백엔드 개발자채용 (인턴),https://www.saramin.co.kr/zf_user/jobs/relay/view?rec_idx=52663801,,,,,,,,
사람인,딜리트,백엔드 개발자채용(신입&경력),https://www.saramin.co.kr/zf_user/jobs/relay/view?rec_idx=52700109,,,,,,,,
사람인,(주)누리인포스,백엔드 개발자(5년이상) 모집,https://www.saramin.co.kr/zf_user/jobs/relay/view?rec_idx=52705655,,,,,,,,
사람인,오프너드(주),[오프너드] Java백엔드 개발자채용 (경력 3년 ~ 7년),https://www.saramin.co.kr/zf_user/jobs/relay/view?rec_idx=52520262,,,,,,,,
사람인,(주)리얼타임메디체크,기업부설연구소백엔드 개발자경력사원,https://www.saramin.co.kr/zf_user/jobs/relay/view?rec_idx=52507852,,,,,,,,
사람인,(주)뮤디오션,뮤디오션백엔드 개발자모집,https://www.saramin.co.kr/zf_user/jobs/relay/view?rec_idx=52513097,,,,,,,,
사람인,(주)인터엑스,백엔드 개발자,https://www.saramin.co.kr/zf_user/jobs/relay/view?rec_idx=52395061,,,,,,,,
사람인,주식회사아이림프,[경력]백엔드 개발자채용,https://www.saramin.co.kr/zf_user/jobs/relay/view?rec_idx=52759235,,,,,,,,
사람인,이데아텍(주),[신입/경력]백엔드 개발자,https://www.saramin.co.kr/zf_user/jobs/relay/view?rec_idx=52650862,,,,,,,,
사람인,씨아이랩스,Nodejs백엔드 개발자(프리랜서) 경력 채용,https://www.saramin.co.kr/zf_user/jobs/relay/view?rec_idx=52441590,,,,,,,,
사람인,씨아이랩스,Nodejs백엔드 개발자경력 채용,https://www.saramin.co.kr/zf_user/jobs/relay/view?rec_idx=52441555,,,,,,,,
사람인,제이시스템(전상혁),제이시스템백엔드 개발자모집,https://www.saramin.co.kr/zf_user/jobs/relay/view?rec_idx=52592284,,,,,,,,
사람인,픽플레이(주),백엔드 개발자경력 채용,https://www.saramin.co.kr/zf_user/jobs/relay/view?rec_idx=52674206,,,,,,,,
사람인,(주)레진엔터테인먼트,[다우키움 계열사]백엔드 개발자(레봄개발부),https://www.saramin.co.kr/zf_user/jobs/relay/view?rec_idx=52769214,,,,,,,,
사람인,(주)에피소든,"백엔드 개발자(웹,인프라)",https://www.saramin.co.kr/zf_user/jobs/relay/view?rec_idx=52732530,,,,,,,,
사람인,(주)삼아인터내셔날,[삼아인터내셔날] IT개발팀백엔드 개발자채용,https://www.saramin.co.kr/zf_user/jobs/relay/view?rec_idx=52743755,,,,,,,,
사람인,(주)위엠비,(주)위엠비백엔드 개발자(경력) 채용,https://www.saramin.co.kr/zf_user/jobs/relay/view?rec_idx=52727451,,,,,,,,
사람인,알서포트(주),[코스닥 상장사] 웹백엔드 개발자채용,https://www.saramin.co.kr/zf_user/jobs/relay/view?rec_idx=52773168,,,,,,,,
사람인,(유)알렌의서재,[알렌의서재] 백엔드개발자(Node.js) 경력직,https://www.saramin.co.kr/zf_user/jobs/relay/view?rec_idx=52778371,,,,,,,,
사람인,주식회사무한공간연구소,[신입/경력]백엔드 개발자정직원 모집,https://www.saramin.co.kr/zf_user/jobs/relay/view?rec_idx=52699426,,,,,,,,
사람인,(주)에코아이티,"[ECHOIT]백엔드 개발자, 프론트엔드 개발자 채용",https://www.saramin.co.kr/zf_user/jobs/relay/view?rec_idx=52322125,,,,,,,,
사람인,주식회사 아토모스,[아토모스] 시니어백엔드 개발자(광주)모집,https://www.saramin.co.kr/zf_user/jobs/relay/view?rec_idx=52732644,,,,,,,,
사람인,(주)1204디자인,프론트엔드 &백엔드 개발자동시 채용,https://www.saramin.co.kr/zf_user/jobs/relay/view?rec_idx=52276184,,,,,,,,
사람인,세이브더칠드런코리아,세이브더칠드런 웹서비스팀백엔드 개발자모집,https://www.saramin.co.kr/zf_user/jobs/relay/view?rec_idx=52733042,,,,,,,,
사람인,아이에스테크놀로지(주),"원격 모니터링 시스템 프론트,백엔드 개발자모집",https://www.saramin.co.kr/zf_user/jobs/relay/view?rec_idx=52747333,,,,,,,,
사람인,(주)트러스테이,[트러스테이] 노크플레이스 시니어백엔드 개발자채용,https://www.saramin.co.kr/zf_user/jobs/relay/view?rec_idx=52661001,,,,,,,,
사람인,(주)디코드,주식회사디코드 - Java 백엔드 및 App 개발자 모집,https://www.saramin.co.kr/zf_user/jobs/relay/view?rec_idx=52755241,,,,,,,,
사람인,(주)펀다,[펀다] 풀스택/백엔드 개발자채용,https://www.saramin.co.kr/zf_user/jobs/relay/view?rec_idx=52591857,,,,,,,,
사람인,송아리아이티,백엔드 개발자채용,https://www.saramin.co.kr/zf_user/jobs/relay/view?rec_idx=52522837,,,,,,,,
사람인,(주)에스와이컴퍼니,백엔드 개발자(Node.js) 경력 모집,https://www.saramin.co.kr/zf_user/jobs/relay/view?rec_idx=52771589,,,,,,,,
사람인,셀레스타라,셀레스타라에서 nest.js백엔드 개발자를 찾고 있어요,https://www.saramin.co.kr/zf_user/jobs/relay/view?rec_idx=52717322,,,,,,,,
사람인,키즐링(주),[앱개발] 앱백엔드 개발자채용 [경력 3년 이상],https://www.saramin.co.kr/zf_user/jobs/relay/view?rec_idx=52739091,,,,,,,,
사람인,넷마블(주),플랫폼백엔드 개발자모집,https://www.saramin.co.kr/zf_user/jobs/relay/view?rec_idx=52538806,,,,,,,,
사람인,(주)에스브릿지,오픈마켓 플랫폼 Java 백엔드 경력 개발자 채용합니다(선정릉역),https://www.saramin.co.kr/zf_user/jobs/relay/view?rec_idx=52630958,,,,,,,,
사람인,주식회사 하이파킹,(주)하이파킹 주차장백엔드 개발자채용(경력 10년이상),https://www.saramin.co.kr/zf_user/jobs/relay/view?rec_idx=52640501,,,,,,,,
사람인,비엠텍시스템(주),백엔드개발자 경력(나주지사),https://www.saramin.co.kr/zf_user/jobs/relay/view?rec_idx=52661604,,,,,,,,
사람인,(주)클라모스,백엔드/프론트엔드(BE/FE) 개발자 채용,https://www.saramin.co.kr/zf_user/jobs/relay/view?rec_idx=52613938,,,,,,,,
사람인,(주)한다랩,[(주)한다랩]백엔드 개발자정규직 채용,https://www.saramin.co.kr/zf_user/jobs/relay/view?rec_idx=52752696,,,,,,,,
사람인,(주)에스제이테크놀로지,프론트엔드부터 백엔드까지 경험하며 성장할 풀스택 개발자 모집,https://www.saramin.co.kr/zf_user/jobs/relay/view?rec_idx=52740241,,,,,,,,
사람인,(주)세이코어,[세이코어]백엔드 개발자채용,https://www.saramin.co.kr/zf_user/jobs/relay/view?rec_idx=52569828,,,,,,,,
사람인,(주)리드넘버,"[리드넘버]JAVA백엔드 개발자채용 (신입 기준 연 3,800)",https://www.saramin.co.kr/zf_user/jobs/relay/view?rec_idx=52723859,,,,,,,,
사람인,(주)티피씨인터넷,[티피씨인터넷/LIKEY] 서버백엔드 개발자채용 (Node.js),https://www.saramin.co.kr/zf_user/jobs/relay/view?rec_idx=52329501,,,,,,,,
사람인,(주)시스콘로보틱스,Robotics 관제서비스(ACS)백엔드 개발자,https://www.saramin.co.kr/zf_user/jobs/relay/view?rec_idx=52582360,,,,,,,,
사람인,메디밴스,[시니어백엔드 개발자] 병원 경영 특화 마이데이터 플랫폼 개발,https://www.saramin.co.kr/zf_user/jobs/relay/view?rec_idx=52572079,,,,,,,,
사람인,(주)캐롯아이,백엔드 경력 개발자 채용,https://www.saramin.co.kr/zf_user/jobs/relay/view?rec_idx=52615218,,,,,,,,
사람인,(주)트러스테이,[트러스테이]백엔드 개발자(Back-End Developer),https://www.saramin.co.kr/zf_user/jobs/relay/view?rec_idx=52648427,,,,,,,,
사람인,(주)나휴케어,(주)나휴케어 Java백엔드 개발자모집,https://www.saramin.co.kr/zf_user/jobs/relay/view?rec_idx=52489189,,,,,,,,
사람인,(주)골드앤에스,[시원스쿨] PHP 백엔드(Back-End) 개발자 채용,https://www.saramin.co.kr/zf_user/jobs/relay/view?rec_idx=52771167,,,,,,,,
사람인,(주)애니테일,웹/백엔드 개발자채용,https://www.saramin.co.kr/zf_user/jobs/relay/view?rec_idx=52554815,,,,,,,,
사람인,(주)클로봇,백엔드 개발자,https://www.saramin.co.kr/zf_user/jobs/relay/view?rec_idx=52582462,,,,,,,,
사람인,(주)이글루코퍼레이션,웹어플리케이션백엔드 개발자(2년↑),https://www.saramin.co.kr/zf_user/jobs/relay/view?rec_idx=52648626,,,,,,,,
사람인,(주)스톡폴리오,백엔드 개발자,https://www.saramin.co.kr/zf_user/jobs/relay/view?rec_idx=52676202,,,,,,,,
사람인,엠투클라우드(주),R&D팀백엔드 개발자채용,https://www.saramin.co.kr/zf_user/jobs/relay/view?rec_idx=52710761,,,,,,,,
사람인,(주)더원인터내셔널,[딜버] PHP백엔드 개발자채용,https://www.saramin.co.kr/zf_user/jobs/relay/view?rec_idx=52297228,,,,,,,,
사람인,(주)에스피코리아,백엔드 개발자(1~3년),https://www.saramin.co.kr/zf_user/jobs/relay/view?rec_idx=52658869,,,,,,,,
사람인,(주)디에스알브이랩스,DSRV백엔드 개발자모집,https://www.saramin.co.kr/zf_user/jobs/relay/view?rec_idx=52371191,,,,,,,,
사람인,(주)트래블월렛,백엔드 개발자- 서비스 (Lead),https://www.saramin.co.kr/zf_user/jobs/relay/view?rec_idx=52613503,,,,,,,,
사람인,(주)스마일툰,NestJS/Node.js 기반백엔드 개발자모집,https://www.saramin.co.kr/zf_user/jobs/relay/view?rec_idx=52676597,,,,,,,,
사람인,(주)한국이크레딧테크놀로지,(주)한국이크레딧테크놀로지 백엔드개발자 채용 (고급-특급),https://www.saramin.co.kr/zf_user/jobs/relay/view?rec_idx=52737195,,,,,,,,
사람인,(주)애자일소다,(신입)파이썬 백엔드개발자(문서파싱/구조화),https://www.saramin.co.kr/zf_user/jobs/relay/view?rec_idx=52745213,,,,,,,,
사람인,이로운소프트(주),프론트엔드/백엔드 개발자경력 모집.,https://www.saramin.co.kr/zf_user/jobs/relay/view?rec_idx=52706232,,,,,,,,
사람인,(주)케이비헬스케어,[KB금융그룹 계열] KB헬스케어백엔드 개발자채용,https://www.saramin.co.kr/zf_user/jobs/relay/view?rec_idx=52311382,,,,,,,,
사람인,피스챌린지그룹(주),[피스챌린지그룹]백엔드 개발자채용 (신입/경력),https://www.saramin.co.kr/zf_user/jobs/relay/view?rec_idx=52519924,,,,,,,,
원티드,드랩,[드랩아트] 비주얼 생성형 AI 솔루션 파이썬 백엔드 개발자,https://www.wanted.co.kr/wd/332465,,,,"Git, CI/CD, TypeScript, MySQL, SQL, Python, AWS, Docker, FastAPI, PostgreSQL, Redis",,,,
원티드,브레인벤쳐스,백엔드 개발자(Backend Engineer),https://www.wanted.co.kr/wd/332457,,,,"REST API, AWS, OpenCV, Java, PostgreSQL, PyTorch, Python, JPA, Redis, 인공 지능, Kotlin, TypeScript, Spring Boot, SQL, Tensorflow, Docker, Spring, MySQL, Kubernetes, Linux, MongoDB",,,,
원티드,블루노멀(BlueNormal),백엔드 개발자,https://www.wanted.co.kr/wd/326571,,,,"Git, REST API, TypeScript, Spring, Spring Boot, SQL, Java, JPA, PostgreSQL",,,,
원티드,완드,"백엔드 개발자 - python, Django",https://www.wanted.co.kr/wd/324055,,,,"Git, REST API, TypeScript, Python, AWS, Go, Django",,,,
원티드,완드,"[인턴] 백엔드 개발자 - python, Django",https://www.wanted.co.kr/wd/324049,,,,"Git, REST API, TypeScript, Python, AWS, Go, Django",,,,
원티드,몰리턴,백엔드 개발자,https://www.wanted.co.kr/wd/315866,,,,"TypeScript, Spring, MySQL, SQL, Java, JavaScript, NestJS",,,,
원티드,위시스트,백엔드 개발자,https://www.wanted.co.kr/wd/315649,,,,"REST API, TypeScript, Kubernetes, SQL, Python, AWS, Docker, Message Queue, FastAPI, PostgreSQL, Redis",,,,
원티드,이터랩(세니아클리닉),백엔드 개발자,https://www.wanted.co.kr/wd/296984,,,,"Git, EKS, CI/CD, TypeScript, SQL, AWS, MongoDB, Message Queue, Kafka, GitHub Actions, ECS, Redis, Express, NestJS, JavaScript",,,,
원티드,사이버다임,연구소 서버개발팀 백엔드 개발자 (5년 이상),https://www.wanted.co.kr/wd/274059,,,,"CSS, HTML, TypeScript, Spring, MySQL, SQL, Java, MSSQL, JavaScript, jQuery, Spring Framework, Oracle",,,,
원티드,케이존,백엔드 개발자(신입~5년차),https://www.wanted.co.kr/wd/328431,,,,"REST API, Kotlin, TypeScript, Spring, MySQL, SQL, Next.js, Java, React",,,,
원티드,페이민트,서버 백엔드 개발자(Java/Kotlin),https://www.wanted.co.kr/wd/272871,,,,"Git, Kotlin, Spring Boot, Spring, TypeScript, SQL, MySQL, AWS, Java, Kafka",,,,
원티드,리걸케어,백엔드 개발자 (Backend Engineer),https://www.wanted.co.kr/wd/331867,,,,"Git, REST API, HTML5, AWS, Java, MSA, Message Queue, PostgreSQL, JavaScript, Elasticsearch, GCP, Golang, Python, JPA, CSS, TypeScript, Spring Boot, SQL, Docker, Kafka, Spring, MySQL",,,,
원티드,자리컴퍼니,Java 백엔드 개발자,https://www.wanted.co.kr/wd/328134,,,,"Git, REST API, Spring Boot, TypeScript, MySQL, Spring, Google Analytics, AWS, SQL, Java, Agile, GitHub, JPA, JavaScript, Spring Framework",,,,
원티드,다큐브(daquv),백엔드 개발자 (팀장급),https://www.wanted.co.kr/wd/333521,,,,"CI/CD, TypeScript, SQL, Java, dbt",,,,
원티드,맘편한세상(맘시터),백엔드 개발자,https://www.wanted.co.kr/wd/332433,,,,"Git, REST API, Node.js, Nest.js, CI/CD, AWS, Java, ArgoCD, JavaScript, Elasticsearch, Confluence, Datadog, Kotlin, Data Pipeline, TypeScript, Spring Boot, SQL, Jenkins, Airflow, Go, NestJS, Notion, Spring, Kubernetes, JIRA",,,,
원티드,와이즈버즈(wisebirds),백엔드 개발자 (5년 이상),https://www.wanted.co.kr/wd/322519,,,,"Git, REST API, EKS, AWS, Java, PostgreSQL, Terraform, Agile, Redis, Kotlin, TypeScript, SQL, ElasticSearch, BitBucket, Helm, Spring, Kubernetes, MongoDB, Spring Framework",,,,
원티드,법틀,AI LLM 엔지니어 (백엔드 개발자) (3~6년),https://www.wanted.co.kr/wd/325735,,,,"Git, HTML, VueJS, Spring Boot, TypeScript, Python, AWS, Java, Go, FastAPI, GitHub, JIRA, PostgreSQL, MSSQL, Django, Elasticsearch, JavaScript",,,,
원티드,법틀,AI LLM 엔지니어 (백엔드 개발자) (4년 이상 8년 이하),https://www.wanted.co.kr/wd/324780,,,,"Git, HTML, VueJS, Spring Boot, TypeScript, Python, AWS, Java, Go, FastAPI, GitHub, JIRA, PostgreSQL, MSSQL, Django, Elasticsearch, JavaScript",,,,
원티드,후플렉스,Java 백엔드 개발자 (3~5년),https://www.wanted.co.kr/wd/329105,,,,"Kotlin, HTML5, TypeScript, Spring, SQL, Next.js, AWS, Java, React, JPA, JavaScript",,,,
원티드,스퀘어스,큐샵 웹/쇼핑몰 플랫폼 - 백엔드 개발자 (3년 이상),https://www.wanted.co.kr/wd/332812,,,,"NestJS, Node.js, Nest.js, CI/CD, TypeScript, MySQL, SQL, AWS, Go, GitHub, Redis, PHP, JavaScript",,,,
원티드,스튜디오키코,백엔드 개발자,https://www.wanted.co.kr/wd/234466,,,,"Git, EKS, TypeScript, AWS, Python, FastAPI, ECS, Django, Flask",,,,
원티드,알리콘,Django 백엔드 개발자,https://www.wanted.co.kr/wd/314914,,,,"Git, TypeScript, GraphQL, ETL, Python, AWS, Message Queue, Django",,,,
원티드,위레이저,백엔드 개발자,https://www.wanted.co.kr/wd/231846,,,,"Git, REST API, Node.js, CI/CD, AWS, Java, MSA, GitHub Actions, React, PostgreSQL, Angular, JavaScript, Elasticsearch, Restful API, GCP, Python, IntelliJ IDEA, Redis, TypeScript, Spring Boot, SQL, Jenkins, Docker, Slack, Notion, Spring, MySQL, Kubernetes, Linux, GitHub, Spring Framework",,,,
원티드,클라우드호스피탈,.NET Core 백엔드 개발자,https://www.wanted.co.kr/wd/203743,,,,"Git, ExpressJS, REST API, Terraform, TypeScript, Kubernetes, SQL, Next.js, AWS, Docker, ElasticSearch, GitHub, PostgreSQL, Azure",,,,
원티드,겟차,백엔드 개발자,https://www.wanted.co.kr/wd/311776,,,,"Git, Node.js, TypeScript, MySQL, SQL, Kubernetes, AWS, Apache Kafka, iOS, Docker, MSA, ElasticSearch, React, React Native, React.js, Spring Framework, Android",,,,
원티드,애디터(Yess),Backend Developer (백엔드 개발자),https://www.wanted.co.kr/wd/17243,,,,"Git, CSS, GCP, REST API, TypeScript, SASS, AWS, Redux, GitHub, React, JavaScript, TDD",,,,
원티드,피클플러스,백엔드 개발자,https://www.wanted.co.kr/wd/325837,,,,"Git, CI/CD, TypeScript, Redis, MySQL, AWS, Python, MongoDB, Agile, Go, GitHub Actions, ECS, PostgreSQL, Datadog, Django, NestJS, JavaScript",,,,
원티드,핵클(Hackle),백엔드 개발자 (Software Engineer),https://www.wanted.co.kr/wd/51700,,,,"Kotlin, TypeScript, Spring, Kubernetes, SQL, AWS, MongoDB, Java, Docker, Kafka, MSA, Message Queue, JPA, Redis, Elasticsearch, Spring Framework",,,,
원티드,고위드,[신사업] Backend Engineer (백엔드 개발자),https://www.wanted.co.kr/wd/333112,,,,"GCP, TypeScript, Spring, Spring Boot, SQL, MySQL, Kubernetes, Java, Docker, Kafka, JPA, Redis",,,,
원티드,월렛원,Nodejs 백엔드 개발자,https://www.wanted.co.kr/wd/323640,,,,"Git, Flutter, REST API, Nest.js, TypeScript, MySQL, AWS, iOS, Java, Agile, JavaScript, NestJS, Android",,,,
사람인,(주)보이저,GoBackend Developer,https://www.saramin.co.kr/zf_user/jobs/relay/view?rec_idx=52743977,,,,,,,,
사람인,(주)에이스파트너스서치펌,[글로벌/iGaming] JavaBackend Developer,https://www.saramin.co.kr/zf_user/jobs/relay/view?rec_idx=52672332,,,,,,,,
사람인,주식회사 셈웨어,[CEMWARE.Inc] JavaBackend Developer(산업기능요원/보충역),https://www.saramin.co.kr/zf_user/jobs/relay/view?rec_idx=52765891,,,,,,,,
사람인,시너지파트너즈(주),[생보사] IT 개발팀Backend Developer(대리~과장급:정규직),https://www.saramin.co.kr/zf_user/jobs/relay/view?rec_idx=52746280,,,,,,,,
사람인,(주)보이스루,[카카오 계열사]Backend Developer,https://www.saramin.co.kr/zf_user/jobs/relay/view?rec_idx=52290974,,,,,,,,
사람인,메가존클라우드(주),Backend Developer채용,https://www.saramin.co.kr/zf_user/jobs/relay/view?rec_idx=52679679,,,,,,,,
사람인,(주)비바이노베이션,Backend Developer,https://www.saramin.co.kr/zf_user/jobs/relay/view?rec_idx=52739057,,,,,,,,
사람인,현대오토에버(주),Backend Developer- 제조/품질완결 시스템 개발/운영 (아산),https://www.saramin.co.kr/zf_user/jobs/relay/view?rec_idx=52756354,,,,,,,,
사람인,(주)에스브이,"[SV그룹] AOS, iOS, Backend, Web Developer 시니어/주니어 모집",https://www.saramin.co.kr/zf_user/jobs/relay/view?rec_idx=52738632,,,,,,,,
사람인,(주)빌드코퍼레이션,Backend Developer/ 2~4년,https://www.saramin.co.kr/zf_user/jobs/relay/view?rec_idx=52697200,,,,,,,,
사람인,주식회사 엑스홀딩스,Backend Developer(NestJS),https://www.saramin.co.kr/zf_user/jobs/relay/view?rec_idx=52705053,,,,,,,,
사람인,(주)제로더,Zerorder PythonBackend Developer,https://www.saramin.co.kr/zf_user/jobs/relay/view?rec_idx=52653468,,,,,,,,
사람인,(주)파스토,Backend Developer(로보틱스),https://www.saramin.co.kr/zf_user/jobs/relay/view?rec_idx=52296650,,,,,,,,
사람인,(주)빌드코퍼레이션,Backend Developer/ 8년↑,https://www.saramin.co.kr/zf_user/jobs/relay/view?rec_idx=52697248,,,,,,,,
사람인,(주)빌드코퍼레이션,Backend Developer/ 5~7년,https://www.saramin.co.kr/zf_user/jobs/relay/view?rec_idx=52697233,,,,,,,,
사람인,주식회사 비단팝팝,(주)비단팝팝Backend Developer경력사원 채용,https://www.saramin.co.kr/zf_user/jobs/relay/view?rec_idx=52726010,,,,,,,,
사람인,(주)잉카인터넷,[DevGroup] TACHYONBackend Developer,https://www.saramin.co.kr/zf_user/jobs/relay/view?rec_idx=52592338,,,,,,,,
사람인,(주)아이브,백엔드 개발자(Backend Developer),https://www.saramin.co.kr/zf_user/jobs/relay/view?rec_idx=52662051,,,,,,,,
사람인,메가존클라우드(주),Backend Developer,https://www.saramin.co.kr/zf_user/jobs/relay/view?rec_idx=52581288,,,,,,,,
사람인,(주)투네이션,[투네이션]Spring Boot 백엔드 개발자를 모집합니다.(5년 이상),https://www.saramin.co.kr/zf_user/jobs/relay/view?rec_idx=52743952,,,,,,,,
사람인,다큐브(주),백엔드 개발자 팀장급 채용,https://www.saramin.co.kr/zf_user/jobs/relay/view?rec_idx=52760424,,,,,,,,
사람인,(주)스승님,(주)스승님 플러앱개발 백엔드 개발자 모집,https://www.saramin.co.kr/zf_user/jobs/relay/view?rec_idx=52756141,,,,,,,,
사람인,(주)리한,주식회사 리한 IT개발자 채용 (백엔드),https://www.saramin.co.kr/zf_user/jobs/relay/view?rec_idx=52725855,,,,,,,,
사람인,(주)캐더,(주)캐더 백엔드 개발자 모집 (정철어학원/젭스),https://www.saramin.co.kr/zf_user/jobs/relay/view?rec_idx=52672224,,,,,,,,
사람인,온잇코리아(주),[물류IT 스타트업] 백엔드 개발자 채용(경력3년이상),https://www.saramin.co.kr/zf_user/jobs/relay/view?rec_idx=52583044,,,,,,,,
사람인,(주)모벤티스,(주)모벤티스 백엔드 개발자 채용 공고,https://www.saramin.co.kr/zf_user/jobs/relay/view?rec_idx=52767777,,,,,,,,
사람인,에이치엘엘중앙(주),[중앙그룹 HLL] 프론트/백엔드 개발자 경력사원 모집,https://www.saramin.co.kr/zf_user/jobs/relay/view?rec_idx=52700828,,,,,,,,
사람인,(주)써큘러랩스,(주)써큘러랩스 백엔드 개발자 모집,https://www.saramin.co.kr/zf_user/jobs/relay/view?rec_idx=52757845,,,,,,,,
사람인,(주)지냅스,모바일·웹 서비스 백엔드 개발자 채용,https://www.saramin.co.kr/zf_user/jobs/relay/view?rec_idx=52545226,,,,,,,,
사람인,(주)캐낸다,(주)캐낸다 백엔드 개발자 모집,https://www.saramin.co.kr/zf_user/jobs/relay/view?rec_idx=52512216,,,,,,,,
사람인,(주)메타몬스터,"(주)메타몬스터 JAVA,PHP,Nodejs 백엔드 개발자 모집",https://www.saramin.co.kr/zf_user/jobs/relay/view?rec_idx=52745400,,,,,,,,
사람인,주식회사차엔차,주식회사차엔차 Node.js 백엔드 개발자 모집,https://www.saramin.co.kr/zf_user/jobs/relay/view?rec_idx=52752313,,,,,,,,
사람인,(주)참테크놀로지,(주)참테크놀로지 백엔드 개발자 경력 채용,https://www.saramin.co.kr/zf_user/jobs/relay/view?rec_idx=52593567,,,,,,,,
사람인,주식회사 인터랙트솔루션,[경력] 백엔드 개발자 채용 - 블록체인,https://www.saramin.co.kr/zf_user/jobs/relay/view?rec_idx=52647077,,,,,,,,
사람인,씨너지파트너(주),B2B 트레이딩 플랫폼 백엔드 개발자 파트너를 찾습니다 :),https://www.saramin.co.kr/zf_user/jobs/relay/view?rec_idx=52728330,,,,,,,,
사람인,(주)한샘,㈜한샘(본사) 백엔드 개발자,https://www.saramin.co.kr/zf_user/jobs/relay/view?rec_idx=52553938,,,,,,,,
사람인,(주)데일리페이,데일리페이 Back-End 개발자 채용,https://www.saramin.co.kr/zf_user/jobs/relay/view?rec_idx=52474788,,,,,,,,
사람인,스마트푸드네트웍스(주),Backend 개발자,https://www.saramin.co.kr/zf_user/jobs/relay/view?rec_idx=52739569,,,,,,,,
사람인,(주)씨앤에이아이,[경력] 인프라 파이썬 백엔드 개발자 채용,https://www.saramin.co.kr/zf_user/jobs/relay/view?rec_idx=52611830,,,,,,,,
사람인,(주)페이앤스토어,Npay커넥트 백엔드 개발자,https://www.saramin.co.kr/zf_user/jobs/relay/view?rec_idx=52659243,,,,,,,,
사람인,(주)시큐리온,[경력] Back-end 개발자 채용(내일채움공제가능),https://www.saramin.co.kr/zf_user/jobs/relay/view?rec_idx=52616039,,,,,,,,
사람인,(주)씨앤에이아이,[CNAI]백엔드 개발자 정규직 채용,https://www.saramin.co.kr/zf_user/jobs/relay/view?rec_idx=52768594,,,,,,,,
사람인,(주)투스카이,본사 백엔드 개발자 채용합니다.,https://www.saramin.co.kr/zf_user/jobs/relay/view?rec_idx=52768648,,,,,,,,
사람인,(주)위니텍,WEB BackEnd 경력 개발자 모집,https://www.saramin.co.kr/zf_user/jobs/relay/view?rec_idx=52687995,,,,,,,,
사람인,(주)나노아이티,PHP/Laravel 백엔드 개발자 (Vue.js 활용 필수),https://www.saramin.co.kr/zf_user/jobs/relay/view?rec_idx=52549160,,,,,,,,
사람인,(주)노블전자지도,백엔드 개발자 경력직(4~6년) 채용,https://www.saramin.co.kr/zf_user/jobs/relay/view?rec_idx=52696497,,,,,,,,
사람인,주식회사클럽콘크리트,의료 AI 스타트업에서 함께하실 백엔드 개발자를 찾습니다,https://www.saramin.co.kr/zf_user/jobs/relay/view?rec_idx=52660303,,,,,,,,
사람인,(주)스페이스점프,(주)스페이스점프 백엔드 개발자 모집,https://www.saramin.co.kr/zf_user/jobs/relay/view?rec_idx=52672468,,,,,,,,
사람인,주식회사차자스,[CHAJAS] Django 백엔드 개발자 채용공고,https://www.saramin.co.kr/zf_user/jobs/relay/view?rec_idx=52759598,,,,,,,,
사람인,(주)크로스비,[백엔드 개발자] 백엔드 개발자 모집,https://www.saramin.co.kr/zf_user/jobs/relay/view?rec_idx=52700607,,,,,,,,
사람인,그로잉세일즈(주),그로잉세일즈 Back-end 개발자를 모집합니다.,https://www.saramin.co.kr/zf_user/jobs/relay/view?rec_idx=52641750,,,,,,,,
사람인,(주)퍼플아카데미,Node/NestJS 백엔드 개발자 계약직 채용,https://www.saramin.co.kr/zf_user/jobs/relay/view?rec_idx=52674012,,,,,,,,
사람인,펜타시스템테크놀러지㈜,시스템 접근제어 솔루션 Backend 개발자 채용 (신입),https://www.saramin.co.kr/zf_user/jobs/relay/view?rec_idx=52756590,,,,,,,,
사람인,(주)토큰포스트,"[미디어, 커뮤니티] 토큰포스트 백앤드 개발자 채용",https://www.saramin.co.kr/zf_user/jobs/relay/view?rec_idx=52755927,,,,,,,,
사람인,(주)더라이징스타헤딩,AICC 전문기업 백엔드 개발자 모집,https://www.saramin.co.kr/zf_user/jobs/relay/view?rec_idx=52720555,,,,,,,,
사람인,트럼피아(주),Java Backend 서비스 개발자 모집,https://www.saramin.co.kr/zf_user/jobs/relay/view?rec_idx=52624899,,,,,,,,
사람인,조베이스(주),조베이스(주) 시니어 백엔드 개발자 모집,https://www.saramin.co.kr/zf_user/jobs/relay/view?rec_idx=52723362,,,,,,,,
사람인,모비고(주),"모비고 백엔드 개발자 채용 (경력, 단기계약직)",https://www.saramin.co.kr/zf_user/jobs/relay/view?rec_idx=52544015,,,,,,,,
사람인,(주)씨앤유글로벌,백엔드 개발자 (5년 이상),https://www.saramin.co.kr/zf_user/jobs/relay/view?rec_idx=52697320,,,,,,,,
사람인,(주)테일러타운,[댄블] 백엔드 개발자 정규직 채용(경력),https://www.saramin.co.kr/zf_user/jobs/relay/view?rec_idx=52708780,,,,,,,,
사람인,모아아이,모아아이 백엔드 개발자 채용,https://www.saramin.co.kr/zf_user/jobs/relay/view?rec_idx=52665502,,,,,,,,
사람인,(주)백그라운드,:[AI 영상보안 솔루션 기업]: 백엔드 개발자(리드급),https://www.saramin.co.kr/zf_user/jobs/relay/view?rec_idx=52776873,,,,,,,,
사람인,(주)프리뉴,(주)프리뉴 백엔드 개발자 모집,https://www.saramin.co.kr/zf_user/jobs/relay/view?rec_idx=52454820,,,,,,,,
사람인,(주)아이도트,인공지능 의료 진단 솔루션 백엔드 개발자,https://www.saramin.co.kr/zf_user/jobs/relay/view?rec_idx=52530296,,,,,,,,
사람인,대성전산(주),대성전산(주) 백엔드 개발자 모집 - Spring Boot/JPA,https://www.saramin.co.kr/zf_user/jobs/relay/view?rec_idx=52321978,,,,,,,,
사람인,(주)더줌웍스,스트리밍 기반 플랫폼 백엔드 개발자 경력직 채용,https://www.saramin.co.kr/zf_user/jobs/relay/view?rec_idx=52577977,,,,,,,,
사람인,(주)혜움,[개발] 백엔드 개발자(5-7년),https://www.saramin.co.kr/zf_user/jobs/relay/view?rec_idx=52742917,,,,,,,,
사람인,(주)참약사,(주)참약사  NestJS 백엔드 개발자 모집,https://www.saramin.co.kr/zf_user/jobs/relay/view?rec_idx=52602061,,,,,,,,
사람인,(주)브릭,반도체 EES 백엔드 개발자,https://www.saramin.co.kr/zf_user/jobs/relay/view?rec_idx=52711297,,,,,,,,
사람인,(주)마크클라우드,마크클라우드 솔루션 백엔드 개발자 채용 (인턴),https://www.saramin.co.kr/zf_user/jobs/relay/view?rec_idx=52663801,,,,,,,,
사람인,(주)모카커뮤니케이션즈,웹 개발자 채용(백엔드 개발),https://www.saramin.co.kr/zf_user/jobs/relay/view?rec_idx=52766185,,,,,,,,
사람인,딜리트,백엔드 개발자 채용(신입&경력),https://www.saramin.co.kr/zf_user/jobs/relay/view?rec_idx=52700109,,,,,,,,
사람인,(주)누리인포스,백엔드 개발자 (5년이상) 모집,https://www.saramin.co.kr/zf_user/jobs/relay/view?rec_idx=52705655,,,,,,,,
사람인,오프너드(주),[오프너드] Java 백엔드 개발자 채용 (경력 3년 ~ 7년),https://www.saramin.co.kr/zf_user/jobs/relay/view?rec_idx=52520262,,,,,,,,
사람인,(주)리얼타임메디체크,기업부설연구소 백엔드 개발자 경력사원,https://www.saramin.co.kr/zf_user/jobs/relay/view?rec_idx=52507852,,,,,,,,
사람인,(주)제온스,백엔드개발자(JAVA) 신입 및 경력 모집,https://www.saramin.co.kr/zf_user/jobs/relay/view?rec_idx=52741452,,,,,,,,
사람인,(주)뮤디오션,뮤디오션 백엔드 개발자 모집,https://www.saramin.co.kr/zf_user/jobs/relay/view?rec_idx=52513097,,,,,,,,
사람인,주식회사아이림프,[경력] 백엔드 개발자 채용,https://www.saramin.co.kr/zf_user/jobs/relay/view?rec_idx=52759235,,,,,,,,
사람인,(주)라이프온코리아,라이프온코리아 웹 백앤드개발자 모집 (5년이상),https://www.saramin.co.kr/zf_user/jobs/relay/view?rec_idx=52288891,,,,,,,,
사람인,(주)오츠,[㈜오츠] IT 인프라 구축 및 백엔드 서비스 개발자 채용,https://www.saramin.co.kr/zf_user/jobs/relay/view?rec_idx=52277282,,,,,,,,
사람인,이데아텍(주),[신입/경력] 백엔드 개발자,https://www.saramin.co.kr/zf_user/jobs/relay/view?rec_idx=52650862,,,,,,,,
사람인,(주)휴맥스네트웍스,Backend 개발자 채용,https://www.saramin.co.kr/zf_user/jobs/relay/view?rec_idx=52555455,,,,,,,,
사람인,씨아이랩스,Nodejs 백엔드 개발자(프리랜서) 경력 채용,https://www.saramin.co.kr/zf_user/jobs/relay/view?rec_idx=52441590,,,,,,,,
사람인,씨아이랩스,Nodejs 백엔드 개발자 경력 채용,https://www.saramin.co.kr/zf_user/jobs/relay/view?rec_idx=52441555,,,,,,,,
사람인,제이시스템(전상혁),제이시스템 백엔드 개발자 모집,https://www.saramin.co.kr/zf_user/jobs/relay/view?rec_idx=52592284,,,,,,,,
사람인,(주)픽스루트,[LYENIX] 소프트웨어 개발자 2인 채용 (풀스택 / 백엔드),https://www.saramin.co.kr/zf_user/jobs/relay/view?rec_idx=52614361,,,,,,,,
사람인,픽플레이(주),백엔드 개발자 경력 채용,https://www.saramin.co.kr/zf_user/jobs/relay/view?rec_idx=52674206,,,,,,,,
사람인,(주)레진엔터테인먼트,[다우키움 계열사] 백엔드 개발자 (레봄개발부),https://www.saramin.co.kr/zf_user/jobs/relay/view?rec_idx=52769214,,,,,,,,
사람인,(주)삼아인터내셔날,[삼아인터내셔날] IT개발팀 백엔드 개발자 채용,https://www.saramin.co.kr/zf_user/jobs/relay/view?rec_idx=52743755,,,,,,,,
사람인,스마트핀텍(주),JAVA Back-end 경력직 개발자 모집,https://www.saramin.co.kr/zf_user/jobs/relay/view?rec_idx=52745472,,,,,,,,
사람인,(주)브이씨,[코스닥상장사]   (주)브이씨 Back-End 개발자 채용,https://www.saramin.co.kr/zf_user/jobs/relay/view?rec_idx=52757084,,,,,,,,
사람인,(주)위엠비,(주)위엠비 백엔드 개발자(경력) 채용,https://www.saramin.co.kr/zf_user/jobs/relay/view?rec_idx=52727451,,,,,,,,
사람인,(주)피플앤드테크놀러지,AI개발팀 리드개발자(백앤드),https://www.saramin.co.kr/zf_user/jobs/relay/view?rec_idx=52636497,,,,,,,,
사람인,알서포트(주),[코스닥 상장사] 웹 백엔드 개발자 채용,https://www.saramin.co.kr/zf_user/jobs/relay/view?rec_idx=52773168,,,,,,,,
사람인,주식회사무한공간연구소,[신입/경력] 백엔드 개발자 정직원 모집,https://www.saramin.co.kr/zf_user/jobs/relay/view?rec_idx=52699426,,,,,,,,
사람인,무비스톡아이피(주),무비스톡아이피 플랫폼 개발자 (Backend/Full-stack),https://www.saramin.co.kr/zf_user/jobs/relay/view?rec_idx=52732332,,,,,,,,
사람인,(주)에코아이티,"[ECHOIT] 백엔드 개발자, 프론트엔드 개발자 채용",https://www.saramin.co.kr/zf_user/jobs/relay/view?rec_idx=52322125,,,,,,,,
사람인,주식회사 아토모스,[아토모스] 시니어 백엔드 개발자(광주)모집,https://www.saramin.co.kr/zf_user/jobs/relay/view?rec_idx=52732644,,,,,,,,
사람인,페이마주식회사,개발자 채용 - 백엔드 / 프론트엔드,https://www.saramin.co.kr/zf_user/jobs/relay/view?rec_idx=52530323,,,,,,,,
원티드,앤서스랩코리아,Casino Platform Java Backend Developer,https://www.wanted.co.kr/wd/305997,,,,"REST API, Vue.js, AWS, Java, React, PostgreSQL, Angular, JavaScript, TDD, Restful API, GCP, HTML, Redis, CSS, Spring Boot, TypeScript, SQL, SSRS, Docker, Spring, MySQL, Kubernetes, Grafana",,,,
원티드,보이스루,[카카오계열사] Backend Developer,https://www.wanted.co.kr/wd/322125,,,,"Gradle, Kotlin, Spring Boot, Notion, GraphQL, TypeScript, Spring, AWS, Kubernetes, MSA, JIRA, JPA, Slack, BitBucket, PostgreSQL, Figma, Confluence",,,,
원티드,화해글로벌,Backend Developer,https://www.wanted.co.kr/wd/331674,,,,"REST API, TypeScript, MySQL, SQL, Python, AWS, Docker, Message Queue, Go, Agile, FastAPI, ECS, Redis, Elasticsearch, Django",,,,
원티드,스피어코퍼레이션,Backend Developer,https://www.wanted.co.kr/wd/290830,,,,"REST API, TypeScript, Spring, Spring Boot, SQL, MySQL, Linux, Java",,,,
원티드,한화생명보험,[IT개발팀] Backend Developer,https://www.wanted.co.kr/wd/198858,,,,"SDLC, TypeScript, Spring, SQL, Java, MyBatis, MSA, JPA, GitLab, Oracle",,,,
원티드,나인투원,[쏘카일레클] Backend developer (퍼스널모빌리티),https://www.wanted.co.kr/wd/324921,,,,"Git, Kotlin, EKS, TypeScript, Kubernetes, Python, AWS, Go, GitHub Actions, FastAPI, ArgoCD, Datadog",,,,
원티드,크몽(kmong),Backend Developer (5-12년),https://www.wanted.co.kr/wd/332313,,,,"Kotlin, TypeScript, Spring, AWS, Java, MSA, PHP",,,,
원티드,위대한상상(요기요),[Tech] Python Backend Developer - 배차 엔진 개발/운영,https://www.wanted.co.kr/wd/325347,,,,"SAP, TypeScript, Kubernetes, Python, AWS, Docker, Message Queue, Kafka, FastAPI, Flask",,,,
원티드,위대한상상(요기요),[Tech] Python Backend Developer (3년 이상),https://www.wanted.co.kr/wd/325333,,,,"SAP, TypeScript, Kubernetes, Python, AWS, Docker, Message Queue, Kafka",,,,
원티드,위대한상상(요기요),[Tech] Java Backend Developer - 정산시스템 운영/개발,https://www.wanted.co.kr/wd/296654,,,,"Git, REST API, CI/CD, SAP, TypeScript, Spring, Kubernetes, SQL, AWS, Jenkins, Java, Docker, Kafka, MSA, Message Queue, ArgoCD",,,,
원티드,넥스트증권,Backend Developer(추천시스템),https://www.wanted.co.kr/wd/312330,,,,"Prometheus, TypeScript, Kubernetes, Docker, Datadog, Grafana",,,,
원티드,오토스테이,Backend Developer (Nestjs),https://www.wanted.co.kr/wd/331593,,,,"TypeScript, GraphQL, AWS, Kafka, React.js, Redis, NestJS, JavaScript",,,,
원티드,와드(캐치테이블),결제/정산 시스템 BackEnd Developer,https://www.wanted.co.kr/wd/291088,,,,"Tableau, REST API, Kotlin, TypeScript, Spring, MySQL, SQL, Kubernetes, Python, AWS, Java, MSA, Kafka, Data Analysis",,,,
원티드,사이오닉에이아이,[인턴] Backend Developer (Kotlin+Spring),https://www.wanted.co.kr/wd/292660,,,,"Kotlin, TypeScript, Spring, Kubernetes, SQL, AWS, Message Queue, MSA, PostgreSQL, Redis, JavaScript",,,,
원티드,사이오닉에이아이,Backend Developer - Kotlin+Spring (5년 이상),https://www.wanted.co.kr/wd/292659,,,,"Kotlin, TypeScript, Spring, Kubernetes, SQL, AWS, Message Queue, MSA, PostgreSQL, Redis, JavaScript",,,,
원티드,크로스이엔에프,Python Backend Developer,https://www.wanted.co.kr/wd/238973,,,,"TypeScript, Python, AWS, Linux, Message Queue, Kafka, JIRA, Django, Flask, Confluence",,,,
원티드,에임인텔리전스,Backend Developer,https://www.wanted.co.kr/wd/316886,,,,"Prometheus, AWS, MSA, PostgreSQL, JavaScript, Elasticsearch, GCP, Terraform, Python, Redis, TypeScript, SQL, Docker, FastAPI, ELK Stack, NestJS, Helm, Kubernetes, Hive, Grafana",,,,
원티드,렌트리,백엔드 개발자 (Backend Developer),https://www.wanted.co.kr/wd/317565,,,,"Git, REST API, CI/CD, AWS, MyBatis, Firebase, React, React.js, JavaScript, Elasticsearch, Confluence, Agile, React Native, Datadog, Redis, TypeScript, Spring Boot, GraphQL, SQL, Jenkins, ElasticSearch, Slack, ELK Stack, Spring, MySQL, MongoDB, GitHub, JIRA, Figma, iBatis",,,,
원티드,휴런,Backend Developer (5년이상),https://www.wanted.co.kr/wd/322188,,,,"Git, REST API, AWS, Java, React.js, Confluence, GCP, Asana, Python, Azure, DICOM, Spring Boot, TypeScript, SQL, Jenkins, Docker, Slack, PACS, Spring, MySQL, Kubernetes, Linux",,,,
원티드,쏘카(SOCAR),Backend Developer(공통플랫폼),https://www.wanted.co.kr/wd/329199,,,,"Prometheus, GCP, REST API, Kotlin, gRPC, Spring Boot, Spring, TypeScript, Kubernetes, AWS, Java, Docker, Kafka, MSA, JPA, Datadog, Grafana, Redis",,,,
원티드,페이타랩(패스오더),[병역특례] Backend Developer(산업기능요원/보충역/전직),https://www.wanted.co.kr/wd/325722,,,,"Git, REST API, AWS, Java, MSA, PostgreSQL, Elasticsearch, Python, IntelliJ IDEA, Datadog, Redis, Kotlin, TypeScript, SQL, Jenkins, Docker, Kafka, FastAPI, Spring, Kubernetes, MongoDB, Flask",,,,
원티드,페이타랩(패스오더),Backend Developer,https://www.wanted.co.kr/wd/325718,,,,"Git, REST API, AWS, Java, MSA, PostgreSQL, Elasticsearch, Python, IntelliJ IDEA, Datadog, Redis, Kotlin, TypeScript, SQL, Jenkins, Docker, Kafka, FastAPI, Spring, Kubernetes, MongoDB, Flask",,,,
원티드,안랩블록체인컴퍼니,Backend Developer,https://www.wanted.co.kr/wd/223157,,,,"Git, GCP, REST API, CI/CD, TypeScript, MySQL, SQL, Kubernetes, Python, Linux, AWS, Docker, MongoDB, Go, MSA, GitHub, PostgreSQL, Azure",,,,
원티드,짐캐리,Backend Developer,https://www.wanted.co.kr/wd/330828,,,,"GCP, REST API, TypeScript, MySQL, SQL, Kubernetes, AWS, Docker, MSA, Kafka, Message Queue, PostgreSQL, Redis, NestJS, JavaScript",,,,
원티드,삼가,Backend Developer,https://www.wanted.co.kr/wd/271068,,,,"Git, CSS, Flutter, HTML, REST API, TypeScript, Spring, Linux, Java, WebRTC, React, React Native, Angular, JavaScript",,,,
원티드,보이저,Go Backend Developer,https://www.wanted.co.kr/wd/293878,,,,"Git, GCP, REST API, CI/CD, TypeScript, MySQL, SQL, Kubernetes, Python, AWS, Docker, MSA, Go, GitHub Actions, ECS, Azure, Redis",,,,
원티드,비바이노베이션,Backend Developer,https://www.wanted.co.kr/wd/311992,,,,"Git, REST API, Notion, TypeScript, MySQL, Python, MongoDB, AWS, FastAPI, GitHub, SQL 서버, Slack, Django, NestJS, Redmine, JavaScript",,,,
원티드,기아,[ICT] Backend Developer,https://www.wanted.co.kr/wd/254014,,,,"CI/CD, TypeScript, Spring, Spring Boot, SQL, Kubernetes, AWS, Linux, Java, Docker, Agile, Azure",,,,
사람인,(주)비바리퍼블리카,Data Engineer(Commerce),https://www.saramin.co.kr/zf_user/jobs/relay/view?rec_idx=52770911,,,,,,,,
사람인,(주)비바리퍼블리카,Data Engineer(Commerce 검색),https://www.saramin.co.kr/zf_user/jobs/relay/view?rec_idx=52770944,,,,,,,,
사람인,에이아이링고(주),[AI 법률번역 스타트업] 데이터 엔지니어 (Data Engineer),https://www.saramin.co.kr/zf_user/jobs/relay/view?rec_idx=52660927,,,,,,,,
사람인,(주)사람인에이치에스,[재택/외국계/영어가능자] Azure & OpenAIData Engineer채용,https://www.saramin.co.kr/zf_user/jobs/relay/view?rec_idx=52582251,,,,,,,,
사람인,(주)비바리퍼블리카,Data Engineer(Platform),https://www.saramin.co.kr/zf_user/jobs/relay/view?rec_idx=52770858,,,,,,,,
사람인,(주)티오더,[t'order Inc.]Data Engineer모집,https://www.saramin.co.kr/zf_user/jobs/relay/view?rec_idx=52698484,,,,,,,,
사람인,(주)제로,Data Engineer(커머스 데이터 / 검색),https://www.saramin.co.kr/zf_user/jobs/relay/view?rec_idx=52684579,,,,,,,,
사람인,(주)모두싸인,[모두싸인]Data Engineer,https://www.saramin.co.kr/zf_user/jobs/relay/view?rec_idx=52533069,,,,,,,,
사람인,리쿠르트퍼스트코리아,[물류 SaaS] 시니어Data Engineer채용,https://www.saramin.co.kr/zf_user/jobs/relay/view?rec_idx=52744518,,,,,,,,
사람인,(주)야놀자,[Yanolja NEXT]Data Engineer,https://www.saramin.co.kr/zf_user/jobs/relay/view?rec_idx=52677546,,,,,,,,
사람인,(주)폴리인스퍼레이션,[폴리인스퍼레이션]Data Engineer채용,https://www.saramin.co.kr/zf_user/jobs/relay/view?rec_idx=52441995,,,,,,,,
사람인,프로페셔날핸즈인핸즈코리아(주),Azure and OpenAIData engineer,https://www.saramin.co.kr/zf_user/jobs/relay/view?rec_idx=52717751,,,,,,,,
사람인,뉴로퓨전(주),[전문연구요원] 금융AI 스타트업Data Engineer채용,https://www.saramin.co.kr/zf_user/jobs/relay/view?rec_idx=52297672,,,,,,,,
사람인,솔트웨어(주),Data Engineer부문 채용 공고 ( Solutions Architect ),https://www.saramin.co.kr/zf_user/jobs/relay/view?rec_idx=52638264,,,,,,,,
사람인,스푼랩스,Data Engineer(5년 이상),https://www.saramin.co.kr/zf_user/jobs/relay/view?rec_idx=52689572,,,,,,,,
사람인,메가존클라우드(주),Data Engineer(데이터 거버넌스 전문가) 채용,https://www.saramin.co.kr/zf_user/jobs/relay/view?rec_idx=52580837,,,,,,,,
사람인,씨제이올리브영(주),[CJ올리브영] Data Analytics Engineer,https://www.saramin.co.kr/zf_user/jobs/relay/view?rec_idx=52764808,,,,,,,,
사람인,토스증권(주),Data Analytics Engineer(Mart),https://www.saramin.co.kr/zf_user/jobs/relay/view?rec_idx=52737044,,,,,,,,
사람인,토스증권(주),Data Engineer(AI),https://www.saramin.co.kr/zf_user/jobs/relay/view?rec_idx=52684481,,,,,,,,
사람인,(주)데이터마케팅코리아,"Data&AI Engineer(Core Member, MidLevel+) 채용",https://www.saramin.co.kr/zf_user/jobs/relay/view?rec_idx=52312162,,,,,,,,
사람인,씨제이올리브영(주),[CJ올리브영] Data Platform Engineer,https://www.saramin.co.kr/zf_user/jobs/relay/view?rec_idx=52764809,,,,,,,,
사람인,팀스파르타(주),Data EngineerIntern,https://www.saramin.co.kr/zf_user/jobs/relay/view?rec_idx=52706796,,,,,,,,
사람인,토스증권(주),Data Engineer(Finance),https://www.saramin.co.kr/zf_user/jobs/relay/view?rec_idx=52684482,,,,,,,,
사람인,(주)카카오,Data Analytics Engineer (경력),https://www.saramin.co.kr/zf_user/jobs/relay/view?rec_idx=52185015,,,,,,,,
사람인,토스증권(주),Data Analytics Engineer(Platform),https://www.saramin.co.kr/zf_user/jobs/relay/view?rec_idx=52658793,,,,,,,,
사람인,토스증권(주),Data Analytics Engineer(CPC Mart),https://www.saramin.co.kr/zf_user/jobs/relay/view?rec_idx=52658792,,,,,,,,
사람인,(주)위버케어,병원EMR 데이터 마이그레이션 엔지니어,https://www.saramin.co.kr/zf_user/jobs/relay/view?rec_idx=52751846,,,,,,,,
사람인,(주)레진엔터테인먼트,[다우키움 계열사] 데이터 엔지니어 (경력),https://www.saramin.co.kr/zf_user/jobs/relay/view?rec_idx=52746560,,,,,,,,
사람인,(주)클라우드네트웍스,[클라우드네트웍스] 빅데이터 솔루션 엔지니어 모집 (신입/경력),https://www.saramin.co.kr/zf_user/jobs/relay/view?rec_idx=52357633,,,,,,,,
사람인,(주)피너클써치,"[ 데이터 엔지니어 경력 3-11년, 대기업 광고대행사 ]",https://www.saramin.co.kr/zf_user/jobs/relay/view?rec_idx=52704959,,,,,,,,
사람인,(주)케이비헬스케어,[KB금융그룹 계열] KB헬스케어 데이터 엔지니어 채용,https://www.saramin.co.kr/zf_user/jobs/relay/view?rec_idx=52741933,,,,,,,,
사람인,(주)디케이테크인,[IDC] 카카오엔터프라이즈 데이터센터 엔지니어 채용,https://www.saramin.co.kr/zf_user/jobs/relay/view?rec_idx=52778709,,,,,,,,
사람인,디알씨티에스(주),삼성바이오에피스   데이터 엔지니어 인력 채용,https://www.saramin.co.kr/zf_user/jobs/relay/view?rec_idx=52691467,,,,,,,,
사람인,주식회사 디씨피,데이터센터 엔지니어 채용 공고,https://www.saramin.co.kr/zf_user/jobs/relay/view?rec_idx=52299916,,,,,,,,
사람인,넷마블(주),데이터 프로덕트 엔지니어 모집,https://www.saramin.co.kr/zf_user/jobs/relay/view?rec_idx=52651912,,,,,,,,
사람인,(주)빅아이디언,[빅아이디언] 빅데이터 솔루션 엔지니어 채용,https://www.saramin.co.kr/zf_user/jobs/relay/view?rec_idx=52290200,,,,,,,,
사람인,(주)피비스,AWS / Snowflake 데이터 엔지니어 경력 개발자 구인,https://www.saramin.co.kr/zf_user/jobs/relay/view?rec_idx=52772064,,,,,,,,
사람인,(주)퀸텟시스템즈,[정규직] 데이터 엔지니어 (3년 이상 경력자),https://www.saramin.co.kr/zf_user/jobs/relay/view?rec_idx=52569680,,,,,,,,
사람인,주식회사 이지에스브이에스코리아,IDC인터넷 데이터 센터 IT 운영 엔지니어(중국어 필수),https://www.saramin.co.kr/zf_user/jobs/relay/view?rec_idx=52769600,,,,,,,,
사람인,(주)소프트인,[경력] AI/데이터 엔지니어 채용 공고 (내국인/과장급),https://www.saramin.co.kr/zf_user/jobs/relay/view?rec_idx=52712343,,,,,,,,
사람인,(주)미리비트,"빅데이터,서버백엔드 엔지니어/13~15년",https://www.saramin.co.kr/zf_user/jobs/relay/view?rec_idx=52570652,,,,,,,,
사람인,(주)미리비트,"빅데이터,서버백엔드 엔지니어/16년~",https://www.saramin.co.kr/zf_user/jobs/relay/view?rec_idx=52570927,,,,,,,,
사람인,(주)아이겐드럭,AI 신약개발 플랫폼 백엔드/데이터 엔지니어 모집,https://www.saramin.co.kr/zf_user/jobs/relay/view?rec_idx=52482910,,,,,,,,
사람인,(주)한샘,㈜한샘(본사) 데이터 엔지니어,https://www.saramin.co.kr/zf_user/jobs/relay/view?rec_idx=52350094,,,,,,,,
사람인,(주)맨파워써치앤컨설팅,[외국계] 데이터 엔지니어,https://www.saramin.co.kr/zf_user/jobs/relay/view?rec_idx=52753100,,,,,,,,
사람인,나이스지니데이타주식회사,NICE 지니데이타(주)  데이터 엔지니어 모집,https://www.saramin.co.kr/zf_user/jobs/relay/view?rec_idx=52510607,,,,,,,,
사람인,(주)미리비트,"빅데이터,서버백엔드 엔지니어/10~12년",https://www.saramin.co.kr/zf_user/jobs/relay/view?rec_idx=52570641,,,,,,,,
사람인,마이데이터(주),[삼성전자GMO] GCP TA · 데이터 엔지니어 · Java 개발자 모집,https://www.saramin.co.kr/zf_user/jobs/relay/view?rec_idx=52744751,,,,,,,,
사람인,(주)엑셈,"[AI·빅데이터] AI 엔지니어, R&D, 데이터 사이언티스트",https://www.saramin.co.kr/zf_user/jobs/relay/view?rec_idx=52754869,,,,,,,,
사람인,세림티에스지(주),[데이터센터사업부/대전] 정보시스템  유지관리/시스템엔지니어,https://www.saramin.co.kr/zf_user/jobs/relay/view?rec_idx=52273462,,,,,,,,
사람인,(주)에이치알비즈코리아,게임 데이터엔지니어/MLOps 플랫폼 구축 /세계적인 게임사/판교,https://www.saramin.co.kr/zf_user/jobs/relay/view?rec_idx=52733274,,,,,,,,
사람인,주식회사 지니어스,[대기업계열사/마케팅에이전시] 데이터 플랫폼 엔지니어,https://www.saramin.co.kr/zf_user/jobs/relay/view?rec_idx=52697393,,,,,,,,
사람인,(주)오파스넷,[경력] 고객사 네트워크/데이터센터 상주 엔지니어 모집 - Div.4,https://www.saramin.co.kr/zf_user/jobs/relay/view?rec_idx=52580244,,,,,,,,
사람인,주식회사 디씨피,데이터센터 엔지니어 채용 공고 (신입/경력),https://www.saramin.co.kr/zf_user/jobs/relay/view?rec_idx=52629763,,,,,,,,
사람인,(주)스펠릭스,[스펠릭스] 정규직 데이터 및 AI 엔지니어를 경력사원 모집합니,https://www.saramin.co.kr/zf_user/jobs/relay/view?rec_idx=52540162,,,,,,,,
사람인,(주)숲,[SOOP] 데이터 분석 엔지니어 (Data Analytics Enginner),https://www.saramin.co.kr/zf_user/jobs/relay/view?rec_idx=52739013,,,,,,,,
사람인,(주)데이타솔루션,[중견기업/IT] 데이타솔루션 개발자 / 데이터 엔지니어 채용,https://www.saramin.co.kr/zf_user/jobs/relay/view?rec_idx=52351669,,,,,,,,
사람인,(주)미리비트,데이터 플랫폼 엔지니어 (3년차~PL) Spark · Airflow · K8s,https://www.saramin.co.kr/zf_user/jobs/relay/view?rec_idx=52534787,,,,,,,,
사람인,주식회사 이지에스브이에스코리아,"IDC인터넷 데이터 센터 IT 운영 엔지니어(중국어 필수,F비자)",https://www.saramin.co.kr/zf_user/jobs/relay/view?rec_idx=52710680,,,,,,,,
사람인,씨앤토트플러스(주),[이천]데이터센터 시스템 운영원 모집(향후 엔지니어 양성),https://www.saramin.co.kr/zf_user/jobs/relay/view?rec_idx=52448418,,,,,,,,
사람인,㈜인터전기,"데이타센터 BMS/자동제어 설계/시스템엔지니어, 현장공정관리",https://www.saramin.co.kr/zf_user/jobs/relay/view?rec_idx=52764355,,,,,,,,
사람인,(주)올라핀테크,[경력] 데이터 엔지니어 포지션 채용,https://www.saramin.co.kr/zf_user/jobs/relay/view?rec_idx=52474273,,,,,,,,
사람인,(주)올라핀테크,데이터 엔지니어 채용(경력 8~10년),https://www.saramin.co.kr/zf_user/jobs/relay/view?rec_idx=52753820,,,,,,,,
사람인,(주)레인보우8,데이터 엔지니어 경력직 채용,https://www.saramin.co.kr/zf_user/jobs/relay/view?rec_idx=52479942,,,,,,,,
사람인,펑타이그레이터차이나(유)영업소,[PTKOREA] 데이터 엔지니어,https://www.saramin.co.kr/zf_user/jobs/relay/view?rec_idx=52675693,,,,,,,,
사람인,(주)탑앤스카우트,[서울/대기업 광고대행사] 데이터 엔지니어,https://www.saramin.co.kr/zf_user/jobs/relay/view?rec_idx=52725522,,,,,,,,
사람인,HR컨설팅(주),삼성그룹)데이터 엔지니어 (아키텍트) 채용,https://www.saramin.co.kr/zf_user/jobs/relay/view?rec_idx=52739419,,,,,,,,
사람인,(주)올라핀테크,데이터 엔지니어 채용(경력 5~7년),https://www.saramin.co.kr/zf_user/jobs/relay/view?rec_idx=52753668,,,,,,,,
사람인,(주)에이치알비즈코리아,게임 데이터 엔지니어 담당 (플랫폼개발)/세계적인 게임사/판교,https://www.saramin.co.kr/zf_user/jobs/relay/view?rec_idx=52733226,,,,,,,,
사람인,(주)와이즈에이아이,(주)와이즈에이아이 데이터 엔지니어를 채용합니다.,https://www.saramin.co.kr/zf_user/jobs/relay/view?rec_idx=52450583,,,,,,,,
사람인,(주)캐롯아이,데이터 엔지니어 채용,https://www.saramin.co.kr/zf_user/jobs/relay/view?rec_idx=52615198,,,,,,,,
사람인,(주)그리드위즈,[그리드위즈] 데이터 엔지니어 경력 채용,https://www.saramin.co.kr/zf_user/jobs/relay/view?rec_idx=52688197,,,,,,,,
사람인,(주)카카오모빌리티,[카카오모빌리티] 데이터 엔지니어,https://www.saramin.co.kr/zf_user/jobs/relay/view?rec_idx=52690731,,,,,,,,
사람인,(주)로이드케이,빅데이터 솔루션 데이터 엔지니어 (경력),https://www.saramin.co.kr/zf_user/jobs/relay/view?rec_idx=52647842,,,,,,,,
원티드,뉴로퓨전,Data Engineer (전문연구요원 가능),https://www.wanted.co.kr/wd/325377,,,,"EKS, Node.js, Data Pipeline, TypeScript, Kubernetes, SQL, Python, AWS",,,,
원티드,아임웹,Data Engineer,https://www.wanted.co.kr/wd/240941,,,,"Hadoop, Flutter, Data Pipeline, TypeScript, Kubernetes, AWS, Python, Java, Airflow, ETL, Kafka, Docker, Swift, Scala, Spark",,,,
원티드,샵라이브,Data Engineer - 4년 이상,https://www.wanted.co.kr/wd/323419,,,,"Hadoop, BigQuery, AWS, Java, Scala, GCP, Python, Agile, ClickHouse, TypeScript, SQL, Airflow, Docker, Flink, Kubernetes, ETL, Redshift, Grafana, Spark",,,,
원티드,샵라이브,Data Engineer (Senior) - 5년 이상,https://www.wanted.co.kr/wd/299775,,,,"Hadoop, BigQuery, AWS, Java, Scala, GCP, Python, Agile, Snowflake, Data Pipeline, TypeScript, SQL, Airflow, Docker, Kafka, Kubernetes, ETL, Redshift, Spark",,,,
원티드,무신사페이먼츠,Data Engineering (무신사페이먼츠),https://www.wanted.co.kr/wd/332810,,,,"GCP, BigQuery, Data Pipeline, TypeScript, MySQL, SQL, Python, AWS, Java, Kafka, Scala, PostgreSQL, Snowflake",,,,
원티드,라이너(Liner),Data Engineer,https://www.wanted.co.kr/wd/322910,,,,"GCP, BigQuery, Data Pipeline, TypeScript, Tensorflow, Airflow, dbt, Kubeflow, PyTorch, Spark",,,,
원티드,모두싸인,Data Engineer,https://www.wanted.co.kr/wd/326468,,,,"Kotlin, Data Pipeline, TypeScript, SQL, Python, Airflow, Java, ETL, Kafka, AWS, NCP, JavaScript",,,,
원티드,뤼튼테크놀로지스,Data Engineer (Streaming),https://www.wanted.co.kr/wd/299578,,,,"Data Pipeline, TypeScript, Flink, Kubernetes, Python, iOS, Java, MSA, Kafka, React Native, Spark, Android",,,,
원티드,뤼튼테크놀로지스,Data Engineer (Platform),https://www.wanted.co.kr/wd/299570,,,,"Git, Prometheus, BigQuery, EKS, CI/CD, AWS, GitHub Actions, GCP, Python, React Native, Datadog, Snowflake, Data Pipeline, TypeScript, GitLab CI, SQL, Airflow, Android, Kubernetes, ETL, iOS, Grafana, Spark",,,,
원티드,스푼랩스,Data Engineer (5년 이상),https://www.wanted.co.kr/wd/331973,,,,"ClickHouse, Git, REST API, EKS, Data Pipeline, TypeScript, CI/CD, SQL, Airflow, ETL, AWS, dbt, ArgoCD, Presto",,,,
원티드,위대한상상(요기요),"[Tech] Data Engineer (BI, 3년 이상)",https://www.wanted.co.kr/wd/309751,,,,"GCP, BigQuery, SAP, TypeScript, SQL, ETL, Airflow, Python, Redshift",,,,
원티드,위대한상상(요기요),"[Tech] Data Engineer (DW, 5년 이상)",https://www.wanted.co.kr/wd/286018,,,,"Git, Data Pipeline, SAP, Flink, TypeScript, SQL, Airflow, Python, Java, ETL, Kafka",,,,
원티드,넥스트증권,Data Engineer,https://www.wanted.co.kr/wd/312336,,,,"Hadoop, BigQuery, CI/CD, AWS, Java, MSA, PostgreSQL, GCP, Terraform, Python, Ansible, Snowflake, Data Pipeline, TypeScript, SQL, Airflow, Docker, Kafka, Oracle, Flink, Kubernetes, Hive, Redshift, Spark",,,,
원티드,데이터라이즈,Data Engineer(junior),https://www.wanted.co.kr/wd/323643,,,,"Git, Data Pipeline, TypeScript, Python, AWS, Java, Docker, ETL, FastAPI, JavaScript, Spark",,,,
원티드,콘센트릭스서비스코리아CATALYST,Data Engineering 전문가 (리더급),https://www.wanted.co.kr/wd/321518,,,,"Hadoop, GCP, BigQuery, TypeScript, SQL, Python, Airflow, ETL, AWS, Azure, Spark",,,,
원티드,미소(miso),Data Engineer (AI) (데이터엔지니어),https://www.wanted.co.kr/wd/333547,,,,"Data Pipeline, TypeScript, CI/CD, SQL, Next.js, ETL, AWS, MSA, React, React Native, Hive",,,,
원티드,루닛(Lunit),Senior Data Engineer,https://www.wanted.co.kr/wd/327554,,,,"GCP, BigQuery, Data Pipeline, TypeScript, Flink, Kubernetes, SQL, Airflow, Python, ETL, AWS, Kafka, Docker, PostgreSQL, Azure, Redis",,,,
원티드,베이글코드(Bagelcode),[DATA&AI] Data Engineer,https://www.wanted.co.kr/wd/311873,,,,"Hadoop, Node.js, Nest.js, TypeScript, Kubernetes, SQL, AWS, Python, Go, Kafka, GitHub, React, Scala, Hive, DevOps, Spark",,,,
원티드,소크라에이아이,[Socra AI] Data Engineer (신입),https://www.wanted.co.kr/wd/324954,,,,"AWS, Java, PostgreSQL, Gradle, GCP, Terraform, Python, Redis, Kotlin, RabbitMQ, Spring Boot, Data Pipeline, TypeScript, Docker, FastAPI, Django, Kubernetes, ETL, MongoDB, GitHub",,,,
원티드,소크라에이아이,Data Engineer,https://www.wanted.co.kr/wd/290483,,,,"AWS, Java, PostgreSQL, Gradle, GCP, Terraform, Python, Redis, Kotlin, RabbitMQ, Spring Boot, Data Pipeline, TypeScript, Docker, FastAPI, Django, Kubernetes, ETL, MongoDB, GitHub",,,,
원티드,티맵모빌리티,Data Engineer,https://www.wanted.co.kr/wd/327495,,,,"HTML, EKS, Data Pipeline, TypeScript, Terraform, Kubernetes, Python, Airflow, Java, ETL, Kafka, AWS, 프론트엔드 개발자, Scala, JavaScript, Spark",,,,
원티드,티맵모빌리티,Data Engineer (리더),https://www.wanted.co.kr/wd/317098,,,,"HTML, EKS, Data Pipeline, TypeScript, AWS, 프론트엔드 개발자, JavaScript",,,,
원티드,토스뱅크,Data Engineer (Data Reliability - Backend),https://www.wanted.co.kr/wd/324977,,,,"Hadoop, Data Pipeline, TypeScript, CISSP, Python, Powershell, Kafka, Shell, Django, Flask, Elasticsearch, Spark",,,,
원티드,토스뱅크,Data Engineer (Backend),https://www.wanted.co.kr/wd/324973,,,,"Hadoop, Kotlin, TypeScript, Spring, Kubernetes, CISSP, Python, Powershell, Airflow, Java, Shell, Django, Flask, Spark",,,,
원티드,토스뱅크,Data Engineer (DataOps),https://www.wanted.co.kr/wd/323354,,,,"Hadoop, Data Pipeline, TypeScript, Flink, Kubernetes, CISSP, Python, Powershell, Airflow, ETL, Kafka, Shell, Presto, Django, Flask, Spark",,,,
원티드,토스뱅크,Data Engineer (Finance),https://www.wanted.co.kr/wd/306189,,,,"Hadoop, TypeScript, SQL, CISSP, Python, Powershell, Java, Shell, Django, Flask",,,,
